-- phpMyAdmin SQL Dump
-- version 5.1.1
-- https://www.phpmyadmin.net/
--
-- Servidor: localhost:3306
-- Tiempo de generación: 10-09-2021 a las 17:31:04
-- Versión del servidor: 5.5.68-MariaDB
-- Versión de PHP: 7.4.21

SET SQL_MODE = "NO_AUTO_VALUE_ON_ZERO";
START TRANSACTION;
SET time_zone = "+00:00";


/*!40101 SET @OLD_CHARACTER_SET_CLIENT=@@CHARACTER_SET_CLIENT */;
/*!40101 SET @OLD_CHARACTER_SET_RESULTS=@@CHARACTER_SET_RESULTS */;
/*!40101 SET @OLD_COLLATION_CONNECTION=@@COLLATION_CONNECTION */;
/*!40101 SET NAMES utf8mb4 */;

--
-- Base de datos: `super_marvel_api`
--

-- --------------------------------------------------------

--
-- Estructura de tabla para la tabla `Characters`
--

CREATE TABLE `Characters` (
  `IdCharacter` int(11) NOT NULL,
  `Name` varchar(450) NOT NULL
) ENGINE=InnoDB DEFAULT CHARSET=utf8;

--
-- RELACIONES PARA LA TABLA `Characters`:
--

--
-- Volcado de datos para la tabla `Characters`
--

INSERT INTO `Characters` (`IdCharacter`, `Name`) VALUES
(1009156, 'Apocalypse'),
(1009159, 'Archangel'),
(1009164, 'Avalanche'),
(1009165, 'Avengers'),
(1009175, 'Beast'),
(1009180, 'Beta-Ray Bill'),
(1009185, 'Black Cat'),
(1009187, 'Black Panther'),
(1009189, 'Black Widow'),
(1009197, 'Blink'),
(1009199, 'Blob'),
(1009211, 'Bucky'),
(1009215, 'Luke Cage'),
(1009220, 'Captain America'),
(1009224, 'Captain Marvel (Mar-Vell)'),
(1009227, 'Carnage'),
(1009228, 'Sharon Carter'),
(1009243, 'Colossus'),
(1009257, 'Cyclops'),
(1009262, 'Daredevil'),
(1009268, 'Deadpool'),
(1009271, 'Destiny'),
(1009274, 'Diamondback (Rachel Leighton)'),
(1009277, 'Domino'),
(1009281, 'Doctor Doom'),
(1009282, 'Doctor Strange'),
(1009288, 'Elektra'),
(1009299, 'Fantastic Four'),
(1009310, 'Emma Frost'),
(1009312, 'Galactus'),
(1009313, 'Gambit'),
(1009338, 'Hawkeye'),
(1009349, 'Holocaust (Age of Apocalypse)'),
(1009351, 'Hulk'),
(1009366, 'Invisible Woman'),
(1009367, 'Iron Fist (Danny Rand)'),
(1009368, 'Iron Man'),
(1009376, 'Jocasta'),
(1009378, 'Jessica Jones'),
(1009382, 'Juggernaut'),
(1009384, 'Kang'),
(1009389, 'Kingpin'),
(1009407, 'Loki'),
(1009415, 'Magik (Illyana Rasputin)'),
(1009417, 'Magneto'),
(1009420, 'Man-Thing'),
(1009447, 'Mister Sinister'),
(1009451, 'Moondragon'),
(1009459, 'Mr. Fantastic'),
(1009466, 'Namor'),
(1009471, 'Nick Fury'),
(1009472, 'Nightcrawler'),
(1009508, 'Kitty Pryde'),
(1009515, 'Punisher'),
(1009522, 'Pyro'),
(1009535, 'Red Skull'),
(1009537, 'Rhino'),
(1009546, 'Rogue'),
(1009562, 'Scarlet Witch'),
(1009577, 'Shang-Chi'),
(1009583, 'She-Hulk (Jennifer Walters)'),
(1009592, 'Silver Surfer'),
(1009610, 'Spider-Man (Peter Parker)'),
(1009629, 'Storm'),
(1009636, 'Sunfire'),
(1009662, 'Thing'),
(1009664, 'Thor'),
(1009682, 'U.S. Agent'),
(1009685, 'Ultron'),
(1009689, 'Vanisher (Ultimate)'),
(1009697, 'Vision'),
(1009707, 'Wasp'),
(1009708, 'Mary Jane Watson'),
(1009714, 'Wiccan'),
(1009718, 'Wolverine'),
(1009722, 'X-23'),
(1009726, 'X-Men'),
(1010324, 'Victor Von Doom'),
(1010329, 'Jane Foster'),
(1010338, 'Captain Marvel (Carol Danvers)'),
(1010351, 'Hellcat (Patsy Walker)'),
(1010369, 'Typhoid Mary'),
(1010682, 'Misty Knight'),
(1010698, 'Young Avengers'),
(1010701, 'Elsa Bloodstone'),
(1010715, 'The Hood'),
(1010740, 'Winter Soldier'),
(1010765, 'Werewolf By Night'),
(1010791, 'Sub-Mariner'),
(1010805, 'Machine Man'),
(1010833, 'Speed'),
(1010860, 'Squirrel Girl'),
(1010908, 'Beast (Ultimate)'),
(1010911, 'Black Widow (Ultimate)'),
(1010913, 'Captain America (Ultimate)'),
(1010917, 'Colossus (Ultimate)'),
(1010922, 'Electro (Ultimate)'),
(1010925, 'Ghost Rider (Daniel Ketch)'),
(1010932, 'Human Torch (Jim Hammond)'),
(1010933, 'Iceman (Ultimate)'),
(1010943, 'Magneto (Ultimate)'),
(1010946, 'Jean Grey (Ultimate)'),
(1010963, 'Quicksilver (Ultimate)'),
(1010966, 'Rogue (Ultimate)'),
(1010969, 'Sabretooth (Age of Apocalypse)'),
(1010971, 'Scarlet Witch (Ultimate)'),
(1010975, 'Shadowcat (Age of Apocalypse)'),
(1010976, 'Silver Samurai (Age of Apocalypse)'),
(1010978, 'Storm (Ultimate)'),
(1010979, 'Storm (Age of Apocalypse)'),
(1010992, 'Wasp (Ultimate)'),
(1011005, 'Hulk (Ultimate)'),
(1011007, 'Nick Fury (Ultimate)'),
(1011010, 'Spider-Man (Ultimate)'),
(1011019, 'Molecule Man'),
(1011020, 'Darkhawk'),
(1011024, 'Invaders'),
(1011025, 'Thor (Ultimate)'),
(1011090, 'Brother Voodoo'),
(1011128, 'Venom (Ultimate)'),
(1011131, 'Hawkeye (Ultimate)'),
(1011203, 'Mary Jane Watson (Ultimate)'),
(1011218, 'Harry Osborn (Ultimate)'),
(1011220, 'Mockingbird'),
(1011223, 'Skaar'),
(1011307, 'Star Brand'),
(1011312, 'Korvac'),
(1011335, 'Maria Hill'),
(1011588, 'Whiplash (Anton Vanko)'),
(1011907, 'Bethany Cabe'),
(1012717, 'Agatha Harkness'),
(1014198, 'Outlaw (Inez Temple)'),
(1014812, 'Thunderbolt Ross'),
(1014974, 'George Stacy (Ultimate)'),
(1014991, 'Crusher Hogan (Ultimate)'),
(1016181, 'Spider-Man (Miles Morales)'),
(1017078, 'Nova (Sam Alexander)'),
(1017575, 'Captain America (Sam Wilson)'),
(1017577, 'Ms. Marvel (Kamala Khan)'),
(1017583, 'Devil Dinosaur (Devil Dinosaur)'),
(1017831, 'Ironheart (Riri Williams)'),
(1017834, 'War Machine (James Rhodes)'),
(1017835, 'Dora Milaje'),
(1017838, 'Black Panther (Shuri)'),
(1017851, 'Aero (Aero)');

-- --------------------------------------------------------

--
-- Estructura de tabla para la tabla `CharactersComics`
--

CREATE TABLE `CharactersComics` (
  `IdCharacterComic` int(11) NOT NULL,
  `IdCharacter` int(11) NOT NULL,
  `IdComic` int(11) NOT NULL,
  `Active` tinyint(1) NOT NULL
) ENGINE=InnoDB DEFAULT CHARSET=utf8;

--
-- RELACIONES PARA LA TABLA `CharactersComics`:
--   `IdCharacter`
--       `Characters` -> `IdCharacter`
--   `IdComic`
--       `Comics` -> `IdComic`
--

--
-- Volcado de datos para la tabla `CharactersComics`
--

INSERT INTO `CharactersComics` (`IdCharacterComic`, `IdCharacter`, `IdComic`, `Active`) VALUES
(1, 1009351, 183, 1),
(2, 1010908, 1158, 1),
(3, 1010911, 1158, 1),
(4, 1010913, 1158, 1),
(5, 1010917, 1158, 1),
(6, 1011131, 1158, 1),
(7, 1011005, 1158, 1),
(8, 1010933, 1158, 1),
(9, 1010946, 1158, 1),
(10, 1010943, 1158, 1),
(11, 1011007, 1158, 1),
(12, 1010963, 1158, 1),
(13, 1010966, 1158, 1),
(14, 1010971, 1158, 1),
(15, 1010978, 1158, 1),
(16, 1011025, 1158, 1),
(17, 1009689, 1158, 1),
(18, 1010992, 1158, 1),
(19, 1009629, 3627, 1),
(20, 1014991, 6181, 1),
(21, 1010922, 6181, 1),
(22, 1014974, 6181, 1),
(23, 1011218, 6181, 1),
(24, 1011203, 6181, 1),
(25, 1011010, 6181, 1),
(26, 1011128, 6181, 1),
(27, 1009156, 1590, 1),
(28, 1009197, 1590, 1),
(29, 1009243, 1590, 1),
(30, 1009313, 1590, 1),
(31, 1009349, 1590, 1),
(32, 1009417, 1590, 1),
(33, 1009447, 1590, 1),
(34, 1009546, 1590, 1),
(35, 1010969, 1590, 1),
(36, 1010975, 1590, 1),
(37, 1010976, 1590, 1),
(38, 1010979, 1590, 1),
(39, 1009636, 1590, 1),
(40, 1009718, 1590, 1),
(41, 1009156, 1886, 1),
(42, 1009197, 1886, 1),
(43, 1009243, 1886, 1),
(44, 1009313, 1886, 1),
(45, 1009349, 1886, 1),
(46, 1009417, 1886, 1),
(47, 1009447, 1886, 1),
(48, 1009546, 1886, 1),
(49, 1010969, 1886, 1),
(50, 1010975, 1886, 1),
(51, 1010976, 1886, 1),
(52, 1010979, 1886, 1),
(53, 1009636, 1886, 1),
(54, 1009718, 1886, 1),
(55, 1009610, 21171, 1),
(56, 1009610, 1308, 1),
(57, 1009368, 27238, 1),
(58, 1009718, 27238, 1),
(59, 1009351, 27649, 1),
(60, 1009156, 1994, 1),
(61, 1009197, 1994, 1),
(62, 1009243, 1994, 1),
(63, 1009313, 1994, 1),
(64, 1009349, 1994, 1),
(65, 1009417, 1994, 1),
(66, 1009447, 1994, 1),
(67, 1009546, 1994, 1),
(68, 1010969, 1994, 1),
(69, 1010975, 1994, 1),
(70, 1010976, 1994, 1),
(71, 1010979, 1994, 1),
(72, 1009636, 1994, 1),
(73, 1009718, 1994, 1),
(74, 1009159, 1332, 1),
(75, 1009164, 1332, 1),
(76, 1009199, 1332, 1),
(77, 1009243, 1332, 1),
(78, 1009271, 1332, 1),
(79, 1009472, 1332, 1),
(80, 1009522, 1332, 1),
(81, 1009629, 1332, 1),
(82, 1009718, 1332, 1),
(83, 1009726, 1332, 1),
(84, 1009156, 1689, 1),
(85, 1009197, 1689, 1),
(86, 1009243, 1689, 1),
(87, 1009313, 1689, 1),
(88, 1009349, 1689, 1),
(89, 1009417, 1689, 1),
(90, 1009447, 1689, 1),
(91, 1009546, 1689, 1),
(92, 1010969, 1689, 1),
(93, 1010975, 1689, 1),
(94, 1010976, 1689, 1),
(95, 1010979, 1689, 1),
(96, 1009636, 1689, 1),
(97, 1009718, 1689, 1),
(98, 1009156, 1749, 1),
(99, 1009197, 1749, 1),
(100, 1009243, 1749, 1),
(101, 1009313, 1749, 1),
(102, 1009349, 1749, 1),
(103, 1009417, 1749, 1),
(104, 1009447, 1749, 1),
(105, 1009546, 1749, 1),
(106, 1010969, 1749, 1),
(107, 1010975, 1749, 1),
(108, 1010976, 1749, 1),
(109, 1010979, 1749, 1),
(110, 1009636, 1749, 1),
(111, 1009718, 1749, 1),
(112, 1011010, 15808, 1),
(113, 1009175, 17486, 1),
(114, 1009243, 17486, 1),
(115, 1009257, 17486, 1),
(116, 1009310, 17486, 1),
(117, 1009508, 17486, 1),
(118, 1009718, 17486, 1),
(119, 1009726, 17486, 1),
(120, 1009187, 59189, 1),
(121, 1017835, 59189, 1),
(122, 1017577, 75411, 1),
(123, 1009417, 62264, 1),
(124, 1009562, 62264, 1),
(125, 1010833, 62264, 1),
(126, 1009714, 62264, 1),
(127, 1009726, 62264, 1),
(128, 1010698, 62264, 1),
(129, 1009165, 92227, 1),
(130, 1009368, 92227, 1),
(131, 1009165, 90361, 1),
(132, 1009187, 90361, 1),
(133, 1009282, 90361, 1),
(134, 1009299, 90361, 1),
(135, 1009368, 90361, 1),
(136, 1009610, 90361, 1),
(137, 1009220, 90385, 1),
(138, 1009368, 90385, 1),
(139, 1009471, 90385, 1),
(140, 1010351, 89677, 1),
(141, 1009368, 89677, 1),
(142, 1009262, 89602, 1),
(143, 1009288, 89602, 1),
(144, 1009368, 89602, 1),
(145, 1009389, 89602, 1),
(146, 1010369, 89602, 1),
(147, 1010351, 85586, 1),
(148, 1009368, 85586, 1),
(149, 1009368, 85585, 1),
(150, 1011312, 85585, 1),
(151, 1009368, 90339, 1),
(152, 1009368, 90521, 1),
(153, 1009420, 90521, 1),
(154, 1009610, 90521, 1),
(155, 1010351, 85584, 1),
(156, 1009368, 85584, 1),
(157, 1009451, 85584, 1),
(158, 1010351, 85583, 1),
(159, 1009368, 85583, 1),
(160, 1010682, 85583, 1),
(161, 1017834, 85583, 1),
(162, 1010351, 85582, 1),
(163, 1009368, 85582, 1),
(164, 1010682, 85582, 1),
(165, 1017834, 85582, 1),
(166, 1010351, 85581, 1),
(167, 1009368, 85581, 1),
(168, 1009281, 91755, 1),
(169, 1009368, 91755, 1),
(170, 1010351, 85580, 1),
(171, 1009368, 85580, 1),
(172, 1009368, 78359, 1),
(173, 1009282, 93469, 1),
(174, 1009368, 93469, 1),
(175, 1017831, 93469, 1),
(176, 1009368, 85579, 1),
(177, 1010351, 85578, 1),
(178, 1009368, 85578, 1),
(179, 1017851, 76360, 1),
(180, 1009368, 76360, 1),
(181, 1009368, 78634, 1),
(182, 1009664, 78634, 1),
(183, 1009368, 90052, 1),
(184, 1009262, 77132, 1),
(185, 1009368, 77132, 1),
(186, 1010351, 85577, 1),
(187, 1009368, 85577, 1),
(188, 1009180, 78633, 1),
(189, 1009368, 78633, 1),
(190, 1009664, 78633, 1),
(191, 1017851, 76359, 1),
(192, 1009368, 76359, 1),
(193, 1009185, 76163, 1),
(194, 1009368, 76163, 1),
(195, 1009368, 80464, 1),
(196, 1009368, 85662, 1),
(197, 1009415, 85662, 1),
(198, 1009472, 85662, 1),
(199, 1009546, 85662, 1),
(200, 1009629, 85662, 1),
(201, 1009718, 85662, 1),
(202, 1009726, 85662, 1),
(203, 1009185, 76162, 1),
(204, 1009368, 76162, 1),
(205, 1009368, 84567, 1),
(206, 1009368, 80459, 1),
(207, 1009368, 84518, 1),
(208, 1009368, 84097, 1),
(209, 1009368, 83481, 1),
(210, 1009368, 79899, 1),
(211, 1009376, 79899, 1),
(212, 1010805, 79899, 1),
(213, 1009685, 79899, 1),
(214, 1009707, 79899, 1),
(215, 1009368, 46223, 1),
(216, 1009368, 79478, 1),
(217, 1009368, 76056, 1),
(218, 1009368, 70796, 1),
(219, 1009368, 78489, 1),
(220, 1009368, 79897, 1),
(221, 1009685, 79897, 1),
(222, 1009368, 70800, 1),
(223, 1009685, 70800, 1),
(224, 1009281, 71222, 1),
(225, 1009368, 71222, 1),
(226, 1010860, 71222, 1),
(227, 1009368, 76191, 1),
(228, 1009368, 75477, 1),
(229, 1017577, 75477, 1),
(230, 1009368, 70799, 1),
(231, 1009368, 78444, 1),
(232, 1009407, 78444, 1),
(233, 1009368, 74786, 1),
(234, 1010740, 74786, 1),
(235, 1009718, 74786, 1),
(236, 1010338, 70798, 1),
(237, 1009368, 70798, 1),
(238, 1009351, 83437, 1),
(239, 1009368, 83437, 1),
(240, 1009610, 83437, 1),
(241, 1011024, 74769, 1),
(242, 1009368, 74769, 1),
(243, 1009368, 69960, 1),
(244, 1009299, 75392, 1),
(245, 1009368, 75392, 1),
(246, 1009368, 70797, 1),
(247, 1009368, 69970, 1),
(248, 1009368, 69969, 1),
(249, 1009376, 69969, 1),
(250, 1010805, 69969, 1),
(251, 1017834, 69969, 1),
(252, 1009707, 69969, 1),
(253, 1009368, 75200, 1),
(254, 1009220, 75181, 1),
(255, 1009351, 75181, 1),
(256, 1009368, 75181, 1),
(257, 1009610, 75181, 1),
(258, 1009664, 75181, 1),
(259, 1009726, 75181, 1),
(260, 1009189, 75458, 1),
(261, 1009268, 75458, 1),
(262, 1009274, 75458, 1),
(263, 1009277, 75458, 1),
(264, 1009368, 75458, 1),
(265, 1014198, 75458, 1),
(266, 1009165, 73666, 1),
(267, 1009220, 73666, 1),
(268, 1009299, 73666, 1),
(269, 1009368, 73666, 1),
(270, 1009368, 73918, 1),
(271, 1009368, 69968, 1),
(272, 1009376, 69968, 1),
(273, 1010805, 69968, 1),
(274, 1009368, 73862, 1),
(275, 1009368, 69967, 1),
(276, 1009368, 73917, 1),
(277, 1017838, 71799, 1),
(278, 1009368, 71799, 1),
(279, 1009187, 71288, 1),
(280, 1009220, 71288, 1),
(281, 1009368, 71288, 1),
(282, 1009368, 69966, 1),
(283, 1009368, 69965, 1),
(284, 1009368, 69958, 1),
(285, 1009368, 69907, 1),
(286, 1010860, 69907, 1),
(287, 1009368, 68580, 1),
(288, 1009368, 69964, 1),
(289, 1009368, 69906, 1),
(290, 1010860, 69906, 1),
(291, 1009368, 69963, 1),
(292, 1009165, 73564, 1),
(293, 1009189, 73564, 1),
(294, 1009220, 73564, 1),
(295, 1009368, 73564, 1),
(296, 1017078, 73564, 1),
(297, 1009664, 73564, 1),
(298, 1009697, 73564, 1),
(299, 1009368, 70300, 1),
(300, 1009384, 70300, 1),
(301, 1009610, 70300, 1),
(302, 1011588, 70300, 1),
(303, 1009368, 68968, 1),
(304, 1011019, 68968, 1),
(305, 1009368, 69962, 1),
(306, 1009707, 69962, 1),
(307, 1009165, 73558, 1),
(308, 1009268, 73558, 1),
(309, 1009368, 73558, 1),
(310, 1017078, 73558, 1),
(311, 1009165, 67763, 1),
(312, 1009187, 67763, 1),
(313, 1009220, 67763, 1),
(314, 1009282, 67763, 1),
(315, 1009368, 67763, 1),
(316, 1009583, 67763, 1),
(317, 1009664, 67763, 1),
(318, 1009351, 68543, 1),
(319, 1009368, 68543, 1),
(320, 1011223, 68543, 1),
(321, 1014812, 68543, 1),
(322, 1009368, 69518, 1),
(323, 1009610, 69518, 1),
(324, 1009368, 69961, 1),
(325, 1009376, 69961, 1),
(326, 1010805, 69961, 1),
(327, 1009368, 68586, 1),
(328, 1009378, 68586, 1),
(329, 1009215, 68586, 1),
(330, 1009610, 68586, 1),
(331, 1009718, 68586, 1),
(332, 1009722, 68586, 1),
(333, 1009368, 69853, 1),
(334, 1009515, 69853, 1),
(335, 1011907, 69959, 1),
(336, 1009368, 69959, 1),
(337, 1009376, 69959, 1),
(338, 1009368, 68584, 1),
(339, 1009378, 68584, 1),
(340, 1009215, 68584, 1),
(341, 1009447, 68584, 1),
(342, 1009610, 68584, 1),
(343, 1009220, 68397, 1),
(344, 1009224, 68397, 1),
(345, 1009338, 68397, 1),
(346, 1009351, 68397, 1),
(347, 1009368, 68397, 1),
(348, 1009610, 68397, 1),
(349, 1009664, 68397, 1),
(350, 1009718, 68397, 1),
(351, 1009368, 70544, 1),
(352, 1017834, 70544, 1),
(353, 1011907, 69957, 1),
(354, 1009368, 69957, 1),
(355, 1009376, 69957, 1),
(356, 1009227, 70061, 1),
(357, 1009262, 70061, 1),
(358, 1011020, 70061, 1),
(359, 1009351, 70061, 1),
(360, 1009368, 70061, 1),
(361, 1009382, 70061, 1),
(362, 1009515, 70061, 1),
(363, 1009610, 70061, 1),
(364, 1009368, 67351, 1),
(365, 1017831, 67351, 1),
(366, 1009368, 69513, 1),
(367, 1009610, 69513, 1),
(368, 1009368, 67350, 1),
(369, 1017831, 67350, 1),
(370, 1009708, 67350, 1),
(371, 1010715, 67350, 1),
(372, 1010324, 67350, 1),
(373, 1009165, 67311, 1),
(374, 1009187, 67311, 1),
(375, 1009220, 67311, 1),
(376, 1010338, 67311, 1),
(377, 1009282, 67311, 1),
(378, 1009368, 67311, 1),
(379, 1009583, 67311, 1),
(380, 1009664, 67311, 1),
(381, 1011090, 68430, 1),
(382, 1009368, 68430, 1),
(383, 1009610, 68430, 1),
(384, 1010765, 68430, 1),
(385, 1009368, 67341, 1),
(386, 1009378, 67341, 1),
(387, 1009215, 67341, 1),
(388, 1009610, 67341, 1),
(389, 1009718, 67341, 1),
(390, 1009220, 92801, 1),
(391, 1009165, 92226, 1),
(392, 1009220, 92226, 1),
(393, 1009220, 92802, 1),
(394, 1009220, 77231, 1),
(395, 1009189, 71246, 1),
(396, 1009220, 71246, 1),
(397, 1009610, 71246, 1),
(398, 1009220, 93308, 1),
(399, 1017575, 93308, 1),
(400, 1009220, 93792, 1),
(401, 1009220, 93307, 1),
(402, 1017575, 93307, 1),
(403, 1009189, 71245, 1),
(404, 1009220, 71245, 1),
(405, 1009610, 71245, 1),
(406, 1009165, 89735, 1),
(407, 1009220, 89735, 1),
(408, 1009664, 89735, 1),
(409, 1009220, 89545, 1),
(410, 1009535, 89545, 1),
(411, 1009220, 93328, 1),
(412, 1009577, 93328, 1),
(413, 1009220, 85496, 1),
(414, 1009351, 85496, 1),
(415, 1009220, 93306, 1),
(416, 1017575, 93306, 1),
(417, 1009220, 93793, 1),
(418, 1009220, 90333, 1),
(419, 1009220, 89544, 1),
(420, 1009220, 89543, 1),
(421, 1009220, 92166, 1),
(422, 1009220, 91746, 1),
(423, 1009220, 82323, 1),
(424, 1009220, 77243, 1),
(425, 1009228, 77243, 1),
(426, 1009220, 77230, 1),
(427, 1009220, 90048, 1),
(428, 1009220, 77242, 1),
(429, 1009220, 78361, 1),
(430, 1011335, 78361, 1),
(431, 1009220, 93470, 1),
(432, 1010701, 93470, 1),
(433, 1009220, 77241, 1),
(434, 1009220, 77163, 1),
(435, 1016181, 77163, 1),
(436, 1009220, 77240, 1),
(437, 1009228, 77240, 1),
(438, 1009220, 77239, 1),
(439, 1009228, 77239, 1),
(440, 1009220, 77238, 1),
(441, 1017575, 77238, 1),
(442, 1010682, 77238, 1),
(443, 1009228, 77238, 1),
(444, 1010740, 77238, 1),
(445, 1009220, 88629, 1),
(446, 1009220, 82285, 1),
(447, 1009220, 77237, 1),
(448, 1009220, 88628, 1),
(449, 1009220, 82601, 1),
(450, 1009220, 91232, 1),
(451, 1009220, 77236, 1),
(452, 1009228, 77236, 1),
(453, 1009220, 78621, 1),
(454, 1009220, 81260, 1),
(455, 1009220, 78072, 1),
(456, 1010740, 78072, 1),
(457, 1009220, 82368, 1),
(458, 1009282, 82368, 1),
(459, 1009610, 82368, 1),
(460, 1009718, 82368, 1),
(461, 1009726, 82368, 1),
(462, 1009220, 74856, 1),
(463, 1010925, 74856, 1),
(464, 1012717, 77235, 1),
(465, 1009220, 77235, 1),
(466, 1009220, 77492, 1),
(467, 1009220, 77234, 1),
(468, 1009220, 81086, 1),
(469, 1009459, 81086, 1),
(470, 1009220, 83486, 1),
(471, 1009220, 77233, 1),
(472, 1009220, 77232, 1),
(473, 1009389, 77232, 1),
(474, 1010682, 77232, 1),
(475, 1009682, 77232, 1),
(476, 1009220, 70746, 1),
(477, 1009220, 67920, 1),
(478, 1009220, 70745, 1),
(479, 1009220, 76710, 1),
(480, 1016181, 76710, 1),
(481, 1009220, 70744, 1),
(482, 1009220, 75565, 1),
(483, 1009367, 75565, 1),
(484, 1009215, 75565, 1),
(485, 1009610, 75565, 1),
(486, 1009718, 75565, 1),
(487, 1009187, 75396, 1),
(488, 1009220, 75396, 1),
(489, 1017583, 75396, 1),
(490, 1010805, 75396, 1),
(491, 1009220, 74859, 1),
(492, 1011024, 74859, 1),
(493, 1009220, 67930, 1),
(494, 1009220, 83436, 1),
(495, 1009220, 74104, 1),
(496, 1009220, 76788, 1),
(497, 1009718, 76788, 1),
(498, 1009220, 77635, 1),
(499, 1009220, 83354, 1),
(500, 1010740, 83354, 1),
(501, 1009220, 67929, 1),
(502, 1009366, 67929, 1),
(503, 1010682, 67929, 1),
(504, 1011220, 67929, 1),
(505, 1009228, 67929, 1),
(506, 1009220, 74768, 1),
(507, 1011024, 74768, 1),
(508, 1009466, 74768, 1),
(509, 1009220, 75499, 1),
(510, 1009220, 75407, 1),
(511, 1009262, 75407, 1),
(512, 1009299, 75407, 1),
(513, 1009610, 75407, 1),
(514, 1009220, 75482, 1),
(515, 1009367, 75482, 1),
(516, 1009215, 75482, 1),
(517, 1009610, 75482, 1),
(518, 1009718, 75482, 1),
(519, 1009220, 67928, 1),
(520, 1009220, 73913, 1),
(521, 1010338, 73913, 1),
(522, 1009268, 73913, 1),
(523, 1009338, 73913, 1),
(524, 1009610, 73913, 1),
(525, 1009165, 73856, 1),
(526, 1009220, 73856, 1),
(527, 1009299, 73856, 1),
(528, 1009664, 73856, 1),
(529, 1009220, 67927, 1),
(530, 1009220, 74782, 1),
(531, 1009610, 74782, 1),
(532, 1009718, 74782, 1),
(533, 1009220, 70077, 1),
(534, 1009211, 73858, 1),
(535, 1009220, 73858, 1),
(536, 1009220, 67926, 1),
(537, 1009220, 67918, 1),
(538, 1009220, 71324, 1),
(539, 1009537, 71324, 1),
(540, 1016181, 71324, 1),
(541, 1009211, 73961, 1),
(542, 1009220, 73961, 1),
(543, 1009471, 73961, 1),
(544, 1009220, 75504, 1),
(545, 1010932, 75504, 1),
(546, 1010791, 75504, 1),
(547, 1009220, 73867, 1),
(548, 1009515, 73867, 1),
(549, 1009220, 67925, 1),
(550, 1009189, 75329, 1),
(551, 1009220, 75329, 1),
(552, 1009718, 75329, 1),
(553, 1009726, 75329, 1),
(554, 1009211, 73594, 1),
(555, 1009220, 73594, 1),
(556, 1009262, 73594, 1),
(557, 1009312, 73594, 1),
(558, 1009508, 73594, 1),
(559, 1010682, 73594, 1),
(560, 1009471, 73594, 1),
(561, 1009592, 73594, 1),
(562, 1016181, 73594, 1),
(563, 1009610, 73594, 1),
(564, 1009726, 73594, 1),
(565, 1009220, 74780, 1),
(566, 1009466, 74780, 1),
(567, 1010791, 74780, 1),
(568, 1009718, 74780, 1),
(569, 1009220, 73671, 1),
(570, 1009262, 73671, 1),
(571, 1009299, 73671, 1),
(572, 1009351, 73671, 1),
(573, 1010329, 73671, 1),
(574, 1009610, 73671, 1),
(575, 1009220, 67924, 1),
(576, 1009220, 70415, 1),
(577, 1009367, 70415, 1),
(578, 1011307, 70415, 1),
(579, 1009662, 70415, 1),
(580, 1009220, 70413, 1),
(581, 1009262, 70413, 1),
(582, 1009351, 70413, 1),
(583, 1009610, 70413, 1),
(584, 1009220, 70394, 1),
(585, 1009220, 67923, 1),
(586, 1009165, 73566, 1),
(587, 1009220, 73566, 1),
(588, 1017078, 73566, 1),
(589, 1009697, 73566, 1),
(590, 1009220, 67922, 1);

-- --------------------------------------------------------

--
-- Estructura de tabla para la tabla `Comics`
--

CREATE TABLE `Comics` (
  `IdComic` int(11) NOT NULL,
  `Title` varchar(450) NOT NULL,
  `Description` varchar(2000) DEFAULT NULL,
  `LastModified` datetime NOT NULL,
  `Format` varchar(50) NOT NULL
) ENGINE=InnoDB DEFAULT CHARSET=utf8;

--
-- RELACIONES PARA LA TABLA `Comics`:
--

--
-- Volcado de datos para la tabla `Comics`
--

INSERT INTO `Comics` (`IdComic`, `Title`, `Description`, `LastModified`, `Format`) VALUES
(183, 'Startling Stories: The Incorrigible Hulk (2004) #1', 'For Doctor Bruce Banner life is anything but normal. But what happens when two women get between him and his alter ego, the Incorrigible Hulk? Hulk confused! \r\nIndy superstar Peter Bagge (THE MEGALOMANIACAL SPIDER-MAN) takes a satirical jab at the Hulk mythos with a tale of dames, debauchery and destruction.\r\n32 PGS./MARVEL PSR...$2.99', '2021-09-10 11:19:58', 'Comic'),
(291, 'Ant-Man (2003) #1', 'Size does matter.  And no one knows this more than Hank Pym - a.k.a. Ant-Man. Got a problem with Galactus? Call the FF. Got a problem with, say, mind-controlled cockroaches? Then Ant-Man\'s your man! And needless to say, it\'s done a number on our diminutive hero\'s self-esteem.  When Ant-Man is tapped to infiltrate an international spy ring that has been siphoning secrets out of Washington, he jumps at the chance - unaware that he\'s being used as a pawn in a larger game of espionage.\r\n32 PGS./PARENTAL ADVISORY...$2.99', '2021-09-10 11:19:58', 'Comic'),
(323, 'Ant-Man (2003) #2', 'Ant-Man digs deeper to find out who is leaking secret information that threatens our national security.\r\n32 pgs./PARENTAL ADVISORY...$2.99', '2021-09-10 11:19:58', 'Comic'),
(331, 'Gun Theory (2003) #4', 'The phone rings, and killer-for-hire Harvey embarks on another hit. But nothing\'s going right this job. There\'s little room for error in the business of killing - so what happens when one occurs?\r\n32 PGS./ PARENTAL ADVISORY ...$2.50', '2021-09-10 11:19:58', 'Comic'),
(376, 'Ant-Man (2003) #3', 'When Hank Pym - a.k.a. Ant-Man - is tapped by U.S. Intelligence to infiltrate an international spy ring that has been siphoning secrets out of Washington, the diminutive hero jumps at the chance - unaware that he\'s being used as a pawn in a larger game of espionage.\r32 PGS./PARENTAL ADVISORY...$2.99', '2021-09-10 11:19:58', 'Comic'),
(384, 'Gun Theory (2003) #3', 'The phone rings, and killer-for-hire Harvey embarks on another hit. But nothing\'s going right this job. There\'s little room for error in the business of killing - so what happens when one occurs?\r\n\r\n32 PGS./ PARENTAL ADVISORY ...$2.50', '2021-09-10 11:19:58', 'Comic'),
(428, 'Ant-Man (2003) #4', 'Ant-Man digs deeper into finding out who is leaking those dirty little secrets that are threatening our national security. And who\'s better at uncovering dirty LITTLE secrets than him??', '2021-09-10 11:19:58', 'Comic'),
(1003, 'Sentry, the (Trade Paperback)', 'On the edge of alcoholism and a failed marriage, Bob Reynolds wakes up to discover his true nature. A forgotten hero, he must unravel the conspiracy to erase his memory from mankind before an evil entity returns.', '2021-09-10 11:19:58', 'Trade Paperback'),
(1158, 'ULTIMATE X-MEN VOL. 5: ULTIMATE WAR TPB (Trade Paperback)', 'The Ultimates vs. the Ultimate X-Men: the battle begins. When the X-Men do the worst thing they could to humanity, the government orders Captain America, Iron Man, Thor and the rest of the Ultimates to bring them down. A small but lethal army, the Ultimates were created to face these and other newly rising threats to mankind. But the X-Men\'s founder, Professor X, hasn\'t been training his students for nothing -- and the youngs mutants just might take out the Ultimates first.', '2021-09-10 11:19:58', 'Trade Paperback'),
(1220, 'Amazing Spider-Man 500 Covers Slipcase - Book II (Trade Paperback)', NULL, '2021-09-10 11:19:58', 'Trade Paperback'),
(1308, 'Marvel Age Spider-Man Vol. 2: Everyday Hero (Digest)', '\"The Marvel Age of Comics continues! This time around, Spidey meets his match against such classic villains as Electro and the Lizard, and faces the return of one of his first foes: the Vulture! Plus: Spider-Man vs. the Living Brain, Peter Parker\'s fight with Flash Thompson, and the wall-crawler tackles the high-flying Human Torch!\"', '2021-09-10 11:19:58', 'Digest'),
(1332, 'X-Men: Days of Future Past (Trade Paperback)', '\"Re-live the legendary first journey into the dystopian future of 2013 - where Sentinels stalk the Earth, and the X-Men are humanity\'s only hope...until they die! Also featuring the first appearance of Alpha Flight, the return of the Wendigo, the history of the X-Men from Cyclops himself...and a demon for Christmas!? \"', '2021-09-10 11:19:58', 'Trade Paperback'),
(1590, 'Official Handbook of the Marvel Universe (2004) #9 (THE WOMEN OF MARVEL)', 'Marvel\'s leading ladies take center stage! This Official Handbook includes in-depth bios on more than 40 of the House\'s most powerful women warriors - from Araña to Vindicator! Plus: an all-new cover by superstar artist Greg Land!', '2021-09-10 11:19:58', 'Comic'),
(1689, 'Official Handbook of the Marvel Universe (2004) #10 (MARVEL KNIGHTS)', 'On the mean streets of the Marvel Universe, the kid gloves come off. Guardian devils, vengeance-seeking vigilantes and enigmatic assassins stalk the city\'s dark underbelly _ and the urban action unfolds with gritty intensity. The newest entry in Marvel\'s best-selling Handbook series, OHOTMUMK04 includes in-depth bios on a host of the House\'s edgiest icons - from Black Panther to Shang-Chi!', '2021-09-10 11:19:58', 'Comic'),
(1749, 'Official Handbook of the Marvel Universe (2004) #11 (X-MEN - AGE OF APOCALYPSE)', 'Your complete guide to the epic saga! This Official Handbook includes in-depth bios on more than 40 denizens of the Age of Apocalypse - from Abyss to Weapon X! Plus: An all-new cover by superstar-in-waiting Mark Brooks, digitally painted by Justin Ponsor.\r<br>48 PGS./Marvel PSR ...$3.99\r<br>', '2021-09-10 11:19:58', 'Comic'),
(1886, 'Official Handbook of the Marvel Universe (2004) #12 (SPIDER-MAN)', 'The spectacular sequel to last year\'s OFFICIAL HANDBOOK OF THE MARVEL UNIVERSE: SPIDER-MAN 2004, this Official Handbook contains in-depth bios on more than 30 of the wisecracking web-slinger\'s closest allies and most infamous enemies - including the Stacy Twins, fresh from the pages of AMAZING SPIDER-MAN, and Toxin, in time for this month\'s TOXIN #1! Plus: An all-new cover by superstar artist Tom Raney, digitally painted by Morry Hollowell.\r<br>48 PGS./Marvel PSR ...$3.99\r<br>', '2021-09-10 11:19:58', 'Comic'),
(1994, 'Official Handbook of the Marvel Universe (2004) #13 (TEAMS)', 'Heavy-hitting heroes unite! This Official Handbook contains in-depth bios on more than 30 of the Marvel Universe\'s most awesome assemblages - including the Defenders, Power Pack and the New Thunderbolts! Plus: An all-new cover by superstar artist Tom Grummett, digitally painted by Morry Hollowell.\r<br>48 PGS./All Ages ...$3.99\r<br>', '2021-09-10 11:19:58', 'Comic'),
(2088, 'Official Handbook of the Marvel Universe (2004) #14 (FANTASTIC FOUR)', 'At last, Marvel\'s First Family gets the OHOTMU treatment! This Official Handbook contains in-depth bios on the family, friends and foes of the Fantastic Four - from Annihilus to the Watcher! Plus: An all-new cover by superstar artist Tom Grummett, digitally painted by Morry Hollowell!\r<br>48 PGS./T+ Suggested for Teens and Up ...$3.99\r<br>\r<br>', '2021-09-10 11:19:58', 'Comic'),
(3627, 'Storm (2006)', 'The epic, untold love story between Marvel\'s two pre-eminent Black super heroes -- Storm and the Black Panther -- is finally told, as only New York Times best-selling author Eric Jerome Dickey can do it!  An orphaned street urchin, living by her wits on the unforgiving plains of Africa as she struggles to harness her slowly-developing mutant powers...A warrior Prince, embarking on his rite of passage as he ponders the great responsibility in his future...And a crew of ruthless mercenaries who\'ll stop at nothing to capture an elusive creature of legend -- the fabled wind-rider.  What sparks occur when their paths intersect?  Don\'t miss out on this story, True Believer, as it builds to a July Event that will shake the entire Marvel Universe.\r<br>\r<br>32 PGS./T+ SUGGESTED FOR TEENS AND UP ...$2.99\r<br>', '2021-09-10 11:19:58', 'Comic'),
(5813, 'Marvel Milestones (2005) #22', NULL, '2021-09-10 11:19:58', 'Comic'),
(6181, 'Ultimate Spider-Man Ultimate Collection Book 1 (Trade Paperback)', 'Collecting the groundbreaking first year of Ultimate Spider-Man in one colossal trade paperback! High school, puberty, first dances - there are many pitfalls to being young. Compound these with intense personal tragedy and super human powers, and you can start to visualize the world of Peter Parker, a.k.a. Spider-Man. Following the murder of his uncle and the Green Goblin\'s assault on his high school, Peter finds himself on the brink of manhood: getting a job at the Daily Bugle to help support his widowed aunt and taking on extracurricular activities - such as bringing down the Kingpin, the head of organized crime in New York City! Collecting ULTIMATE SPIDER-MAN #1-13.\r\n352 PGS./Rated A ...$24.99', '2021-09-10 11:19:58', 'Trade Paperback'),
(15094, 'Silver Surfer (1987)', NULL, '2021-09-10 11:19:58', 'Comic'),
(15808, 'Ultimate Spider-Man (2000) #110 (Mark Bagley Variant)', '\"ULTIMATE KNIGHTS\"\r<br>The mind-stunning climax to the \"Ultimate Knights\" arc! The traitor revealed! The fate of the Kingpin of Crime! Daredevil\'s deep secret exposed! And Spidey\'s in the issue, too, we think. Don\'t miss a conclusion that will rock your world!\r<br>32 PGS./Rated A ...$2.99 \r<br>', '2021-09-10 11:19:58', 'Comic'),
(15878, 'Hedge Knight II: Sworn Sword (2007) #1 (Yu Variant)', 'In 2003, Dabel Brothers Productions released THE HEDGE KNIGHT and stunned the comic book world with their high quality adaptation of New York Times Best-Selling author George R. R. Martin\'s novella which serves as a prequel to his epic novel series, A SONG OF ICE AND FIRE. In 2004, the collected graphic novel edition of THE HEDGE KNIGHT went on to become one of the best-selling graphic novels of the year. In 2006, Marvel Comics and Dabel Brothers Production republished the book in a prestige hardcover format, much to the delight of collectors and critics alike. And in Spring 2007, the Dabel Brothers will continue the story of THE HEDGE KNIGHT by adapting the next chapter in the series: George R. R. Martin\'s THE SWORN SWORD.\r<br>Featuring the return of the creative duo of Mike S. Miller and Ben Avery, THE SWORN SWORD tells the story of the adventures of Ser Duncan and his squire one year after their initial meeting at the tournament in Ashford. After traveling the land in search of the puppeteer girl Tanselle, Dunk and Egg find themselves in the charge of Ser Eustace, an aged knight who has accepted Dunk as his sworn sword. But Ser Eustace has another knight in his service who is nothing but trouble, and he will make Dunk\'s life far more difficult when he rashly attacks a peasant and causes grief to a local noble, the Lady Rohanne Webber. But the Lady Rohanne has problems of her own...and she knows the truth about Ser Eustace and the side he took in the battle of Redgrass Field. The long-awaited sequel to THE HEDGE KNIGHT has finally arrived!\r<br>32 PGS./ Rated T+...$2.99 \r<br>', '2021-09-10 11:19:58', 'Comic'),
(17486, 'X-Men: Phoenix - Warsong (2006)', NULL, '2021-09-10 11:19:58', 'Comic'),
(20956, 'Penance: Relentless (2008)', 'From the pages of CIVIL WAR: FRONT LINE and THUNDERBOLTS! Once he was a hero, now only a shell of Robbie Baldwin remains. As Penance, he begins a slow descent into madness: the most hated man in America, blamed for the disaster at Stamford, tortured by visions of his failure and obsessed with strange, seemingly meaningless numbers. A relentless pursuit begins... Collecting PENANCE: RELENTLESS #1-5.\r<br>Rated T+ ...$13.99\r<br>', '2021-09-10 11:19:58', 'Comic'),
(21171, 'Amazing Spider-Man (1999) #558 (Turner Variant)', 'The frighteningly funky and fearsome Freak returns, more powerful than ever! And this action-packed issue features the \r<br>gorgeous art of Barry Kitson - fresh from Marvel\'s THE ORDER!  Plus: Menace! Curt Connors!  Aunt May!  Lots of innocent bystanders!  Gale wrote it, Wacker edited it, and Marvel actually thought it was a good idea to publish it!\r<br>Rated A ...$2.99 \r<br>', '2021-09-10 11:19:58', 'Comic'),
(22582, 'Civil War (Hardcover)', 'The landscape of the Marvel Universe is changing, and it\'s time to choose: Whose side are you on? A conflict has been brewing from more than a year, threatening to pit friend against friend, brother against brother - and all it will take is a single misstep to cost thousands their lives and ignite the fuse! As the war claims its first victims, no one is safe as teams, friendships and families begin to fall apart. The crossover that rewrites the rules, Civil War stars Spider-Man, the New Avengers, the Fantastic Four, the X-Men and the entirety of the Marvel pantheon! Collecting CIVIL WAR #1-7, MARVEL SPOTLIGHT: CIVIL WAR and CIVIL WAR SCRIPT BOOK.\r<br>Rated T+ ...$39.99\r<br>ISBN: 978-0-7851-2178-7\r<br>Trim size: oversized\r<br>', '2021-09-10 11:19:58', 'Hardcover'),
(23561, 'Holiday Special (1969) #1', NULL, '2021-09-10 11:19:58', 'Comic'),
(25320, 'Halo Chronicles (2009) #1', NULL, '2021-09-10 11:19:58', 'Comic'),
(25321, 'Halo Chronicles (2009) #2', 'Containing:\r\nHALO: UPRISING #3\r\nHALO: UPRISING #4\r\n72 PGS./17 & Up ...$5.99 \r\n©2009 Microsoft Corporation. All rights reserved.\r\nMicrosoft, Halo, the Halo logo, the Microsoft Game Studios logo, Xbox, Xbox 360, Xbox Live,\r\nand the Xbox logos are trademarks of the Microsoft group of companies. \r\nBungie and the Bungie logo are trademarks or registered trademarks of Bungie, LLC.', '2021-09-10 11:19:58', 'Comic'),
(25582, 'Kabuki Reflections Vol. 1 (Hardcover)', 'Collecting the first six art books of Marvel\'s REFLECTIONS series from multiple Eisner Award-nominated creator David Mack, this gorgeous volume of cover paintings and step-by-step art techniques is being presented in oversized hardcover format to show off Mack\'s work to full effect. Readers have been waiting for an oversized art-book collection of Mack\'s work for years, and this monster volume delivers with loads of extras -- including never-before-seen art, new paintings, a cover gallery, figure studies, step-by-step art techniques and commentary, remastered pages, new design pages, a \"Best of Letters\" section, and more! A whopping 320 pages with extra features -- all elegantly collected in a high-end oversized hardcover with high-quality paper, embossment, and an all-new introduction and interview!\r\n320PGS./$39.99\r\nISBN: 978-0-7851-4328-4\r\nTrim size: oversized', '2021-09-10 11:19:58', 'Hardcover'),
(25856, 'MARVEL MASTERWORKS: THE UNCANNY X-MEN VOL. 3 HC (Trade Paperback)', 'Setting a new standard for Marvel super heroes wasn\'t enough for mssrs. Claremont and Cockrum. In their second Marvel Masterworks outing with the Uncanny X-Men they aren\'t just aiming for All-New and All-Different, they\'re shooting for the stars! But before they can reach those heights Jean Grey must fall from the heavens in order to save her teammates\' lives-and to reemerge from the ashes as The Phoenix! And though they may have saved one of their own, the X-Men must next face a fight from within the family. The Juggernaut and Black Tom Cassidy drive the Children of Atom to the edge of disaster, pushing Storm into the depths of childhood horrors and testing the mettle of Colossus and Wolverine to their utmost. And then, with the X-Men at their seeming breaking point, comes the return of Magneto! Then it\'s off to the stars and to the Shi\'ar empire to meet the Starjammers, Lilandra, Deathbird, and the Imperial Guard, not to mention a certain artist named John Byrne! Also featuring the first appearance of Weapon Alpha, the cornerstone of both Alpha Flight and Wolverine\'s storied past in Weapon X, and a baseball game so wild it could only be the X-Men - this second volume of Uncanny Masterworks extends the dynamic legacy of Marvel\'s merry mutants! Collecting X-MEN #101-110. \r\n192 PGS./All Ages ...$24.99\r\nISBN: 978-0-7851-3704-7\r\nMARVEL MASTERWORKS: THE UNCANNY X-MEN VOL. 2 TPB - VARIANT EDITION VOL. 12\r\nAll Ages ...$24.99\r\nISBN: 978-0-7851-3705-4', '2021-09-10 11:19:58', 'Trade Paperback'),
(26620, 'The Stand: American Nightmares HC (Hardcover)', 'The deadly super flu Captain Trips has devastated the country and now the few survivors must pick up the pieces and go on. Larry Underwood seeks escape from New York City. Lloyd contemplates an extremely unsavory dinner option in jail, and Stu Redman makes a desperate bid for freedom from his interrogators. Most ominous of all, the stange being called Randall Flagg continues his dread journey across the devastated landscape of America. You must not miss it! Collecting THE STAND: AMERICAN NIGHTMARE #1-5.\r\nParental Advisory ...$24.99 \r\nISBN: 978-0-7851-3621-7\r\nTrim size: standard', '2021-09-10 11:19:58', 'Hardcover'),
(27238, 'Wolverine Saga (2009) #7', NULL, '2021-09-10 11:19:58', 'Comic'),
(27649, 'Incredible Hulks (2010) #604 (DJURDJEVIC 70TH ANNIVERSARY VARIANT)', 'After picking fights with the Juggernaut, Norman Osborn, and the Wolverine clan, the most insane father and son team in the Marvel Universe might actually be bonding.  But everything\'s about to blow wide open for Bruce Banner and his big, green, barbarian son Skaar when one of the Hulk\'s greatest enemies brings back the most important villainess Bruce Banner\'s ever faced.  Who is the Harpy?  And whose side will Banner take when she and Skaar meet sword to claw in a gamma-powered deathmatch?  Stone might bleed, feathers might fly, and hearts might break in the highest stakes battle yet for Banner and Son! Plus, The Savage SHE-HULK continues her quest to find\r\nJennifer Walters in a back-up by Fred Van Lente and\r\nMichael Ryan!\r\nRated A ...$3.99', '2021-09-10 11:19:58', 'Comic'),
(34423, 'CIVIL WAR TPB (Trade Paperback)', NULL, '2021-09-10 00:07:13', 'Trade Paperback'),
(37302, 'Marvel Adventures Super Heroes Special (2010) #1', NULL, '2021-09-10 11:19:58', 'Digital Comic'),
(37376, 'Punishermax: Kingpin (2010)', 'The Punisher\'s one-man war on crime has been going well lately. A little too well. The mob bosses that make up the heads of the major crime families have banded together to finish off the Punisher for good. They\'ve set a trap for Frank, using a low-level mob enforcer named Wilson Fisk to play the part of the \"Kingpin of Crime,\" an imaginary figure they know Frank won\'t be able to resist. With their trap set, the bosses have only to wait for the Punisher to take the bait. But the bosses aren\'t the only people with a plan. It seems that Wilson Fisk is tired of playing the heavy. He quite likes the idea of being the Kingpin, enough that he\'d be willing to kill his own bosses to keep the position. Collecting PUNISHERMAX #1-5.\r\nExplicit Content ...$19.99\r\nISBN: 978-0-7851-4071-9', '2021-09-10 11:19:58', 'Comic'),
(37497, 'Marvels Vol. 1 (1994) #1', NULL, '2021-09-10 11:19:58', 'Digital Comic'),
(37499, 'Marvels Vol. 1 (1994) #3', NULL, '2021-09-10 11:19:58', 'Digital Comic'),
(37500, 'Marvels Vol. 1 (1994) #4', NULL, '2021-09-10 11:19:58', 'Digital Comic'),
(37501, 'Marvels Vol. 1 (1994) #6', NULL, '2021-09-10 11:19:58', 'Digital Comic'),
(37502, 'Marvels Vol. 1 (1994) #5', NULL, '2021-09-10 00:07:13', 'Digital Comic'),
(37503, 'Marvels Vol. 1 (1994) #8', NULL, '2021-09-10 11:19:58', 'Digital Comic'),
(37504, 'Marvels Vol. 1 (1994) #7', NULL, '2021-09-10 11:19:58', 'Digital Comic'),
(37505, 'Marvels Vol. 1 (1994) #9', NULL, '2021-09-10 11:19:58', 'Digital Comic'),
(37507, 'Official Marvel Universe Handbook (2009) #1', NULL, '2021-09-10 11:19:58', 'Digital Comic'),
(37508, 'Official Marvel Universe Handbook (2009) #2', NULL, '2021-09-10 00:07:13', 'Digital Comic'),
(37529, 'Magician: Apprentice Riftwar Saga (2010) #13', 'Castle Crydee has stood against the kingdom\'s enemies for years. But now, an enemy from another world threatens to destroy the kingdom, and Prince Arutha must answer the call! Meanwhile, Pug goes on the offensive with his master in the enemy camp!', '2021-09-10 00:07:13', 'Digital Comic'),
(37530, 'Magician: Apprentice Riftwar Saga (2010) #14', 'The War between the Tsurani and the people of Midkemia rages on. Tomas has fled to the mountains to assist the dwarves but his enchanted armor seems to be exercising increasing control over him. Will the armor fully consume him?', '2021-09-10 11:19:58', 'Digital Comic'),
(37531, 'Magician: Apprentice Riftwar Saga (2010) #15', 'Of the original trio, Roland is the only one who remains in Crydee. Tomas finds himself in Elvandar, falling deeper under the control of his enchanted armor. Pug, in the land of the Tsurani, encounters the Great Ones.', '2021-09-10 00:07:13', 'Digital Comic'),
(37533, 'Magician: Apprentice Riftwar Saga (2010) #16', 'The siege of Crydee! As the massive Tsurani force descends on the castle, it is seemingly only a matter of time before the walls that have safeguarded Crydee fall. Can Prince Arutha save his people in time?', '2021-09-10 00:07:13', 'Digital Comic'),
(37534, 'Magician: Apprentice Riftwar Saga (2010) #17', 'The electrifying conclusion to Raymond E. Feist\'s epic story! The only thing standing between Crydee and complete destruction is Princess Carline. Can she save Midkemia?', '2021-09-10 00:07:13', 'Digital Comic'),
(38002, 'X-Men: Fall Of The Mutants (2010)', 'The body count rises higher than ever as the X-Men and their allies face war on every front! The original X-Men have formed X-Factor, and they come up against their deadliest challenge yet in Apocalypse and his Horsemen, including the all-new Archangel! The New Mutants lose one of their own! And after the Marauders slaughter the Morlocks, they take on the X-Men - and the survivors will be asked to sacrifice themselves to stop the evil Adversary! Featuring tie-ins starring Captain America, Daredevil, the Hulk, the Fantastic Four and Power Pack! Collecting NEW MUTANTS (1983) #55-61, UNCANNY X-MEN #220-227, X-FACTOR (1986) #18-26, CAPTAIN AMERICA (1968) #339, DAREDEVIL (1964) #252, FANTASTIC FOUR (1961) #312, INCREDIBLE HULK (1968) #336-337 & #340 and POWER PACK (1984) #35.', '2021-09-10 00:07:13', 'Comic'),
(38008, 'Incredible Hulks: Dark Son (2010)', 'Bruce Banner is the Hulk once again, and far from being left alone, he\'s got a whole family of gamma-charged allies at his side. Son Skaar, daughter Lyra, cousin She-Hulk, friends A-Bomb and Korg, and wife Red She-Hulk or is that EX-wife? Meanwhile, a universe away, Hiro-Kala, the mysterious DARK SON of Hulk, rises to power on the planer K\'ai. He has a plan for his long lost family members, and it involves a bigger smash than his father has ever made. Collecting INCREDIBLE HULKS #612-617.', '2021-09-10 00:07:13', 'Comic'),
(38041, 'X-Men (2010)', NULL, '2021-09-10 00:07:13', 'Comic'),
(46223, 'Iron Man: Invincible Origins (Trade Paperback)', NULL, '2021-09-10 10:44:44', 'Trade Paperback'),
(52246, 'MS. MARVEL VOL. 4: LAST DAYS TPB (Trade Paperback)', NULL, '2021-09-10 00:07:13', 'Trade Paperback'),
(56802, 'Captain Britain: Legacy of A Legend (Trade Paperback)', 'Honor four decades of myth and majesty with the United Kingdom’s greatest hero! Follow Brian Braddock — handpicked for greatness by the sorcerer Merlyn — from the fateful decision that imbues him with the might of right on the path to glory that will make him protector of the Omniverse! Along the way, he’ll make a splash stateside in a team-up with Spider-Man and fight alongside the Black Knight in the name of King Arthur! Things go from fantasy to far-out as Brian goes Multiversal — facing Slaymaster, the Crazy Gang, Mad Jim Jaspers and the Fury! He’s Britain’s champion — now and forever! Collecting CAPTAIN BRITAIN (1976) #1-2; MARVEL TEAM-UP (1972) #65-66; and material from HULK COMIC #1 and #3-5, INCREDIBLE HULK WEEKLY #57-59, MARVEL SUPER-HEROES (UK) #377-384 and #386, DAREDEVILS #3-4, MIGHTY WORLD OF MARVEL (1983) #8-12 and CAPTAIN BRITAIN (1985) #14.', '2021-09-10 00:07:13', 'Trade Paperback'),
(57074, 'PUNISHER MAX: THE COMPLETE COLLECTION VOL. 1 TPB (Trade Paperback)', 'Collects Born (2003) #1-4, Punisher (2004) #1-12.  Experience the gritty and uncompromising PUNISHER MAX from the very beginning! When a mob hit killed his beloved wife and children, Frank Castle became the Punisher — an unstoppable one-man army waging war on every piece of criminal scum plaguing New York’s streets. But do the Punisher’s origins trace back even further? In 1971 Vietnam, Captain Castle’s platoon faces a Viet Cong attack — and to survive, he must make a grim choice. Then, Punisher’s old partner, Microchip, long thought to be a casualty of Castle’s war, resurfaces with a startling offer! Will the Punisher play patsy for the CIA? If not, will they let him walk away? And in a story ripped from the headlines, Castle must take on rival Irish gangs when a bomb goes off in Hell’s Kitchen!', '2021-09-10 00:07:13', 'Trade Paperback'),
(57200, 'STAR WARS: DARTH MAUL TPB (Trade Paperback)', 'Raised on hate, fear and anger...steeped in the ways of darkness...and trained to kill! Darth Maul\'s time as apprentice to Darth Sidious has long been cloaked in shadows - now at last his tale of revenge is revealed! It\'s a story of rage unleashed as Darth Maul prepares for his first encounter with the hated Jedi. But when a Jedi Padawan is captured by sinister forces, why is Maul so determined to fi nd her? And what role will a band of bounty hunters, including Cad Bane and Aurra Sing, play? Get to know the galaxy\'s deadliest Zabrak like never before! Collects Star Wars: Darth Maul #1-5.', '2021-09-10 00:07:13', 'Trade Paperback'),
(58584, 'The Amazing Spider-Man (2015) #16 (Jimenez Black Panther 50th Anniversary Variant)', NULL, '2021-09-10 00:07:13', 'Comic'),
(58586, 'The Amazing Spider-Man (2015) #19 (Veregge Black Panther 50th Anniversary Variant)', NULL, '2021-09-10 00:07:13', 'Comic'),
(58587, 'The Amazing Spider-Man (2015) #21 (Rivera Variant)', NULL, '2021-09-10 00:07:13', 'Comic'),
(58726, 'Haunted Mansion (2016) #5 (Young Variant)', NULL, '2021-09-10 00:07:13', 'Comic'),
(59181, 'Civil War II (2016) #6 (Gi Connecting Variant H)', NULL, '2021-09-10 00:07:13', 'Comic'),
(59189, 'BLACK PANTHER: A NATION UNDER OUR FEET BOOK 3 TPB (Trade Paperback)', 'The full truth of the People\'s revolution - and the power players supporting it - has been revealed! Now, T\'Challa must fight like never before for the fate of his nation - and one of his most trusted allies is back to stand by his side. As the final battle begins, the entirety of Wakanda\'s glorious history may be their most potent weapon. But even if the People fall, can the monarchy still stand? The pieces are all in position, now it\'s time for Ta-Nehisi Coates and Brian Stelfreeze to knock over the board as their revitalization of Black Panther continues! Collects Black Panther (2016) #9-12 and material from New Avengers (2013) #18, 21, 24.', '2021-09-10 00:07:13', 'Trade Paperback'),
(59524, 'All-New, All-Different Avengers (2015) #12 (Kuder Mighty Men Variant)', NULL, '2021-09-10 00:07:13', 'Comic'),
(59525, 'The Amazing Spider-Man (2015) #15 (Panosian Mighty Men Variant)', NULL, '2021-09-10 00:07:13', 'Comic'),
(59527, 'Black Panther (2016) #4 (Anacleto Mighty Men Variant)', NULL, '2021-09-10 00:07:13', 'Comic'),
(59533, 'Captain America: Steve Rogers (2016) #3 (Hans Mighty Men Variant)', NULL, '2021-09-10 00:07:13', 'Comic'),
(59539, 'Doctor Strange (2015) #10 (Henderson Mighty Men Variant)', NULL, '2021-09-10 00:07:13', 'Comic'),
(59543, 'Invincible Iron Man (2015) #11 (Keown Mighty Men Variant)', NULL, '2021-09-10 00:07:13', 'Comic'),
(59548, 'Old Man Logan (2016) #8 (Albuquerque Mighty Men Variant)', NULL, '2021-09-10 00:07:13', 'Comic'),
(59551, 'Spider-Man (2016) #6 (Anka Mighty Men Variant)', NULL, '2021-09-10 00:07:13', 'Comic'),
(59555, 'Squadron Supreme (2015) #9 (Frison Mighty Men Variant)', NULL, '2021-09-10 00:07:13', 'Comic'),
(59557, 'The Astonishing Ant-Man (2015) #10 (Bagley Mighty Men Variant)', NULL, '2021-09-10 00:07:13', 'Comic'),
(59558, 'The Totally Awesome Hulk (2015) #8 (Putri Mighty Men Variant)', NULL, '2021-09-10 00:07:13', 'Comic'),
(59559, 'Uncanny Avengers (2015) #11 (Hetrick Mighty Men Variant)', NULL, '2021-09-10 00:07:13', 'Comic'),
(59560, 'Uncanny Inhumans (2015) #12 (Land Mighty Men Variant)', NULL, '2021-09-10 00:07:13', 'Comic'),
(59739, 'Civil War II: Kingpin (2016) #1 (Noto Character Variant)', NULL, '2021-09-10 00:07:13', 'Comic'),
(59754, 'Civil War II (2016) #6 (Sprouse Battle Variant)', NULL, '2021-09-10 00:07:13', 'Comic'),
(59927, 'Darth Vader (2015) #25 (Christopher Action Figure Black and White Variant)', NULL, '2021-09-10 00:07:13', 'Comic'),
(60015, 'The Amazing Spider-Man (2015) #22 (Lozano Teaser Variant)', NULL, '2021-09-10 00:07:13', 'Comic'),
(60017, 'The Amazing Spider-Man (2015) #24 (Lozano Teaser Variant)', NULL, '2021-09-10 00:07:13', 'Comic'),
(61137, 'The Punisher (2016) #5 (Cosplay Variant)', NULL, '2021-09-10 00:07:13', 'Comic'),
(62264, 'YOUNG AVENGERS BY ALLAN HEINBERG & JIM CHEUNG: THE CHILDREN\'S CRUSADE TPB (Trade Paperback)', 'Twin brothers Wiccan and Speed of the Young Avengers are boys without a past. When Wiccan\'s powers spiral out of control, the team sets out to find the one person who might be able to help: the Scarlet Witch, who may be the twins\' mother, and whose own uncontrollable powers once almost destroyed the Avengers and nearly wiped out the mutant race. The Young Avengers\' search will take them across the world and through time, reunite them with friends thought lost and pit them against deadly enemies; it will find them on the run from the Avengers and aligned with the former mutant terrorist Magneto, the Scarlet Witch\'s father. And once they find the Scarlet Witch, nothing will ever be the same! COLLECTING: AVENGERS: THE CHILDREN\'S CRUSADE #1-9, AVENGERS: THE CHILDREN\'S CRUSADE - YOUNG AVENGERS #1, UNCANNY X-MEN (1963) #526 (B STORY).', '2021-09-10 00:07:13', 'Trade Paperback'),
(64143, 'INFINITY WAR TPB (Trade Paperback)', NULL, '2021-09-10 00:07:13', 'Trade Paperback'),
(67311, 'Avengers (2018) #2', 'Black Panther and Dr. Strange battle for their lives deep within the earth…Captain Marvel battles death and destruction raining down from the skies…while Thor, Iron Man and Captain America lead the valiant (yet hopeless) fight against the Final Host of Dark Celestials. And Ghost Rider and the Savage Hulk make brutal war against...each other? Plus, you can’t have a gathering of Avengers without a certain Prince of Lies, now can you?', '2021-09-10 10:44:44', 'Comic'),
(67341, 'Hunt for Wolverine: Adamantium Agenda (2018) #1', 'SNIKT! A SOUND THAT ONCE MADE BLOOD RUN COLD, WHICH THE AVENGERS WANT TO ENSURE IS NEVER USED FOR EVIL AGAIN. Due to a promise made between heroes, the NEW AVENGERS have reassembled to make sure Logan’s body isn’t misused. IRON MAN, SPIDER-MAN, JESSICA JONES and LUKE CAGE discover a deep-state conspiracy that leads to a shocking DNA discovery and metallurgic miracle in the MARVEL UNIVERSE.', '2021-09-10 10:44:44', 'Comic'),
(67350, 'Invincible Iron Man (2016) #600', 'BRIAN BENDIS ENDS HIS MARVEL TENURE WITH THIS VERY SPECIAL OVERSIZED ANNIVERSARY ISSUE! Tony Stark is back, but in what form? At least five huge surprises await new and old fans alike. Industry legend Brian Michael Bendis drops his final Marvel Comic to end an era, and he’s going out big! This super-sized anniversary extravaganza features artistic contributions from a bevy of Bendis’ collaborators from over the years, including Jim Cheung, David Marquez, Mike Deodato Jr., Mark Bagley, Leinil Francis Yu, Daniel Acuña and a few other surprises! All this and a huge new villain arises! And the futures of Tony, Riri Williams and Victor Von Doom are all revealed!', '2021-09-10 10:44:44', 'Comic'),
(67351, 'Invincible Iron Man: Ironheart Vol. 2 - Choices (Trade Paperback)', 'The whole world loves Riri Williams, A.K.A. Ironheart! Well, except for those who have a bone to pick with how she’s doing the job. And the deadly villain who’d like to take a piece out of her. Come to think of it, that’s a whole lot of people who aren’t that fond of her! What’s a girl to do? Striking out on her own, Riri has her idealism put to the test by a world she doesn’t yet understand. How far will she go to do what she knows is right? And how can she handle the biggest threat she’ll ever encounter: a headstrong Tony Stark A.I. that’s decided it knows what’s best for the world? Plus: An international incident sets the stage for one of the biggest Iron Man stories ever! Collecting INVINCIBLE IRON MAN (2016) #6-11.', '2021-09-10 10:44:44', 'Trade Paperback'),
(67763, 'Avengers (2018) #6', 'THE FINAL HOST CONCLUDES! The final battle against the Dark Celestials. A battle unlike any the Avengers have ever experienced. A battle a million years in the making. The new team of heavy hitters assembles at last. But will the young, inexperienced Ghost Rider prove to be the most important and powerful member of all?', '2021-09-10 10:44:44', 'Comic'),
(67918, 'Captain America Vol. 1: Winter In America (Trade Paperback)', 'Collects Captain America (2018) #1-6 and material from Free Comic Book Day 2018 (Avengers/Captain America).\n\nIt\'s winter in America! For more than 70 years, Captain America has stood in stalwart defense of our country and its people. But in the aftermath of Hydra\'s takeover of the nation, Cap is a figure of controversy, carrying a tarnished shield — and a new enemy is rising! Distrusted by a nation that seems to have lost faith in him, and facing threats including the Taskmaster and an army of Nuke super-soldiers, Steve Rogers is a man out of time — and out of options! Where can Captain America turn for help stopping the influence-broker cabal known as the Power Elite? And which surprising villain is pulling the group\'s strings? Join acclaimed BLACK PANTHER scribe Ta-Nehisi Coates for the next chapter of Captain America\'s life!', '2021-09-10 10:50:00', 'Trade Paperback'),
(67920, 'Captain America Vol. 2: Captain Of Nothing (Trade Paperback)', NULL, '2021-09-10 10:50:00', 'Trade Paperback'),
(67922, 'Captain America (2018) #4', ' WINTER IN AMERICA Continues! With Sharon missing, Cap must single-handedly invade the stronghold of his enemies! But even if he makes it through, what’s waiting for him is a hundred times more formidable: Taskmaster! ', '2021-09-10 10:50:00', 'Comic'),
(67923, 'Captain America (2018) #5', ' “WINTER IN AMERICA” CONTINUES! As the noose of betrayal tightens around the necks of Captain America and his closest allies, the Power Elite makes its move — in the person of the immortal Selene! ', '2021-09-10 10:50:00', 'Comic'),
(67924, 'Captain America (2018) #6', NULL, '2021-09-10 10:50:00', 'Comic'),
(67925, 'Captain America (2018) #7', NULL, '2021-09-10 10:50:00', 'Comic'),
(67926, 'Captain America (2018) #8', NULL, '2021-09-10 10:50:00', 'Comic'),
(67927, 'Captain America (2018) #9', NULL, '2021-09-10 10:50:00', 'Comic'),
(67928, 'Captain America (2018) #10', 'CAPTAIN OF NOTHING continues! A prison riot is the best possible cover to break Captain America out of confinement — but what if the Star-Spangled Avenger doesn’t want to go?', '2021-09-10 10:50:00', 'Comic'),
(67929, 'Captain America (2018) #11', NULL, '2021-09-10 10:50:00', 'Comic'),
(67930, 'Captain America (2018) #12', NULL, '2021-09-10 10:50:00', 'Comic'),
(68397, 'Generations (Trade Paperback)', 'Celebrate Marvel\'s legacy as its modern-day stars join forces with the icons who inspired them! Sam Wilson, Miles Morales, Kate Bishop, Laura Kinney, Kamala Khan, Amadeus Cho, Riri Williams, Jane Foster and young Jean Grey witness their own inspirations in their prime: Steve Rogers, Peter Parker, Clint Barton, Logan, Carol Danvers, Bruce Banner, Tony Stark, Odinson and Phoenix! Plus: Carol teams up with a man she thought she\'d never see again: Mar-Vell! Explore the nature of heroism with Marvel\'s biggest names! Collecting GENERATIONS: BANNER HULK & TOTALLY AWESOME HULK, CAPTAIN MARVEL & CAPTAIN MAR-VELL, CAPTAIN MARVEL & MS. MARVEL, HAWKEYE & HAWKEYE, IRON MAN & IRONHEART, MILES MORALES SPIDER-MAN & PETER PARKER SPIDER-MAN, PHOENIX & JEAN GREY, SAM WILSON CAPTAIN AMERICA & STEVE ROGERS CAPTAIN AMERICA, UNWORTHY THOR & MIGHTY THOR and WOLVERINE & ALL-NEW WOLVERINE.', '2021-09-10 10:44:44', 'Trade Paperback'),
(68430, 'Werewolf by Night: The Complete Collection Vol. 3 (Trade Paperback)', ' Collects Giant-Size Werewolf #5; Werewolf By Night (1972) #31-43; Marvel Premiere #28; Spider-Woman (1978) #6, #19 And #32; Marvel Team-Up (1972) #93; Ghost Rider (1973) #55; Moon Knight (1980) #29 (A Story) And #30; And Material From Marvel Premiere #59. Complete your collection of the classic adventures of Marvel’s legendary lycanthrope! But can even Jack Russell survive when he battles the silver-clad stalker known as Moon Knight? There are plenty more candidates lining up to wrestle the Werewolf — including Hangman, Brother Voodoo, Iron Man and Fire-Eyes, the man with the gaze of doom! But will Spider-Woman be a friend or a fearsome foe? Jack has faced super heroes and supernatural threats; now he and Spider-Man — and Ghost Rider, too — will learn that no villain is more vile than…Tatterdemalion! Plus: Witness the savage rematch between Moon Knight and the Werewolf! ', '2021-09-10 10:44:44', 'Trade Paperback'),
(68543, 'Hulk by Mark Waid & Gerry Duggan: The Complete Collection (Trade Paperback)', 'Bruce Banner lies at death’s door, shot in the head by an unknown assailant. And only the Hulk can save him! But as Banner goes to a dark place, he could drag the Avengers down with him. A secret that smashes Bruce Banner and Tony Stark’s friendship is revealed — and when Stark takes extreme measures to save Banner’s life, a new Hulk emerges. Call him Doc Green. He’s intelligent, ruthless and plans to cure everyone transformed by gamma radiation — whether they like it or not! We’re talking Rick “A-Bomb” Jones, multiple She-Hulks and Thunderbolt Ross, the Red Hulk! But Ross won’t go down without one heck of a fight. And will Doc Green’s peacekeeping plans accidentally unleash an even greater threat? The next step in the Hulk’s evolution is here! Collecting HULK (2014) #1-16 and ANNUAL #1, and ORIGINAL SIN #3.1-3.4.', '2021-09-10 10:44:44', 'Trade Paperback'),
(68580, 'Hunt for Wolverine: Adamantium Agenda (Trade Paperback)', 'Collects Hunt for Wolverine #1 and Hunt for Wolverine: Adamantium Agenda #1-4. Where’s Wolverine? And will the New Avengers be the ones to find him? The metallic “snikt” of Wolverine’s claws is a sound that once made the blood of wrongdoers run cold — and one that some of Logan’s best friends want to ensure is never used for evil! Keeping a promise made between heroes, Iron Man, Spider-Man, Jessica Jones and Luke Cage reassemble to make sure that Wolverine’s body isn’t being misused. But the erstwhile New Avengers will soon uncover a deep-state conspiracy that leads to a shocking DNA discovery — and someone else with a vested interest in Logan’s genes! As things take a turn for the sinister, the New Avengers uncover a completely different mystery…one that will cast a long, dark shadow over the X-Men!', '2021-09-10 10:44:44', 'Trade Paperback'),
(68584, 'Hunt for Wolverine: Adamantium Agenda (2018) #3', 'HAS SINISTER UNLOCKED THE SECRETS OF LOGAN’S GENES? The hunt for Wolverine has led his New Avengers teammates into the mysteries of the genetic codes of the heroes of the Marvel Universe… And where there’s super-powered genes, you KNOW Mister Sinister is involved!', '2021-09-10 10:44:44', 'Comic'),
(68586, 'Hunt for Wolverine: Adamantium Agenda (2018) #4', 'WHAT DARK SECRET LIES BENEATH THE SURFACE? The trail of Logan’s body has led the New Avengers to a completely different mystery…one that will cast a long, dark shadow over the X-Men…', '2021-09-10 10:44:44', 'Comic'),
(68968, 'Marvel Masterworks: The Invincible Iron Man Vol. 11 (Hardcover)', 'Collects Iron Man (1968) #82-94 and Annual #3-4. Tony Stark is one of the Marvel Universe’s most advanced minds and experienced inventors — but those talents are about to be turned against him, shaking him to his core! Looking to exploit Stark Industries tech, the Red Ghost kidnaps Tony. In the melee, Happy Hogan dons the Iron Man armor, but suffers severe injuries — leading to a dangerous procedure that will once again turn him into the monstrous Freak! Meanwhile, NYPD Detective Michael O’Brien begins an investigation aiming to nail Tony for the death of O’Brien’s brother, the Guardsman. Add to that the Blood Brothers, the Controller, the Melter, M.O.D.O.K. and a new incarnation of the Molecule Man — Iron Man must defend himself from threats from all corners before he loses everything!', '2021-09-10 10:44:44', 'Hardcover'),
(69513, 'Spidey: School\'s Out (2018) #1', NULL, '2021-09-10 10:44:44', 'Digital Comic'),
(69518, 'Spidey: School\'s Out (2018) #6', NULL, '2021-09-10 10:44:44', 'Digital Comic'),
(69853, 'The Punisher (2016) #228', 'It’s all come down to this. Frank’s used the War Machine armor to cross lines from which he can never come back. Some people have taken Frank’s actions personally. One of those people is Tony Stark. SUIT UP! It’s the fight you’ve been waiting to see!', '2021-09-10 10:44:44', 'Comic'),
(69906, 'The Unbeatable Squirrel Girl (2015) #38', ' SQUIRREL GIRL IS DEAD!...is what you’d be saying if you only read the cover of our last issue and NOT the contents, in which we revealed a shocking twist: Squirrel Girl...IS ALIVE? Yes! The good news is, everyone’s favorite squirrel-themed super hero is alive and well! But the bad news is: Whoever replaced her...was a shape-shifting alien SKRULL, and now Team Doreen doesn’t know who to trust! Mysteries deepen and allegiances are tested in this issue as...a shocking Skrull is revealed! It’s not Nancy, though. Nancy’s great. ', '2021-09-10 10:44:44', 'Comic'),
(69907, 'The Unbeatable Squirrel Girl (2015) #39', 'Last issue ended with Squirrel Girl and someone CLAIMING to be Iron Man getting into a fight! Will this issue show you how that fight goes and who wins and why? THE ANSWER: yes! But with an Iron Man imposter on the scene, that means the real Tony Stark is missing! It’s up to Squirrel Girl and her friends to find Tony before it’s too late: for him AND the world. Unfortunately for Squirrel Girl—as this comic is within the super-hero genre of sequential art, one that relies on high-stakes narrative storytelling filled with twists and turns that result in the world never being the same—what she finds is not what she expects and the world will never be the same! All this—plus: let’s say underwater adventure too awaits you in this issue of the Unbeatable Squirrel Girl!', '2021-09-10 10:44:44', 'Comic'),
(69957, 'Tony Stark: Iron Man (2018) #1', 'TAKE FLIGHT WITH DAN SLOTT & VALERIO SCHITI! From the cusp of tomorrow’s dreams to the forefront of imagination, one man always soars on the cutting edge of adventure! You know his name. Tony Stark is Iron Man. And Iron Man…is an idea. Always changing. Always evolving. An idea without limit! Take wing with DAN SLOTT (AMAZING SPIDER-MAN) and VALERIO SCHITI (GUARDIANS OF THE GALAXY) as they propel the ultimate Self-Made Hero to new heights of inventiveness! Tony Stark is Iron Man. The future is now. Strap in!', '2021-09-10 10:44:44', 'Comic'),
(69958, 'Tony Stark: Iron Man Vol. 1 - Self-Made Man (Trade Paperback)', 'Collects Tony Stark: Iron Man #1-6. From the cusp of tomorrow’s dreams to the forefront of imagination, one man always soars on the cutting edge of adventure! You know his name. Everyone knows his name! Tony Stark is Iron Man. And Iron Man…is an idea. Always changing. Always evolving. Now, Dan Slott and Valerio Schiti propel the ultimate self-made hero to new heights of inventiveness! But Tony has been holding back an enormous secret since his return, and there’s only one person on Earth he’d trust with it: James Rhodes! This will change everything. Plus: Jocasta! Machine Man! The Gauntlet! The Wasp! Sunset Bain! Arno Stark! And the Manticore, the most powerful assault vehicle in the Marvel Universe! Tony Stark is Iron Man. The future is now. Strap in!', '2021-09-10 10:44:44', 'Trade Paperback'),
(69959, 'Tony Stark: Iron Man (2018) #2', 'Tony has been holding back an enormous secret since his return, and there’s only one person on Earth he’d trust it with: James Rhodes. This will change everything. A strange new development for Jocasta, the return of the Gauntlet and the arrival of Tony Stark’s new rival, Sunset Bain. All this and the power of the Manticore, the most powerful assault vehicle in the Marvel Universe!', '2021-09-10 10:44:44', 'Comic'),
(69960, 'Tony Stark: Iron Man Vol. 2 - Stark Realities (Trade Paperback)', NULL, '2021-09-10 10:44:44', 'Trade Paperback'),
(69961, 'Tony Stark: Iron Man (2018) #3', 'NON-PLAYER CHARACTER ASSASSINATION! What is MACHINE MAN’S problem with (our) IRON MAN of 2018? When TONY STARK unveils his latest innovation, the Great eScape, AARON STACK realizes what it will mean for all the artificial life-forms of the Marvel Universe...blue checks or DEATH! Also in this issue: A new development for JOCASTA. ANDY dates a single mom (no, really, this is important). And that classic Iron Man villain you’ve been talking about since the first issue? Theyyyyy’re back. Mwahaha!', '2021-09-10 10:44:44', 'Comic'),
(69962, 'Tony Stark: Iron Man (2018) #4', ' STUNG! You wanted to know who the book’s love interest is going to be? Here you go. The one, the only...Janet Van Dyne! A love not seen since AVENGERS #224 is about to be rekindled. And what’s going on with Sunset Bain’s new dating app? Some of these online matches are just a little too good to be true... ', '2021-09-10 10:44:44', 'Comic'),
(69963, 'Tony Stark: Iron Man (2018) #5', ' 20/20 VISION! The future has arrived! The return of Tony Stark’s smarter brother, Arno. A classic Iron Man villain reappears. And a new alliance is forged that will plague Shell-Head for years to come. ', '2021-09-10 10:44:44', 'Comic'),
(69964, 'Tony Stark: Iron Man (2018) #6', ' STARK REALITIES STARTS HERE! Arsenal, the monstrous robot that once took on all of the Avengers, is back in an all-new way. Who does it serve? What are the secrets it’s guarding? And how will they rock Tony Stark’s world to its core? The trap that’s been building for some time has finally sprung. Iron Man fans, you do not want to miss this one! ', '2021-09-10 10:44:44', 'Comic'),
(69965, 'Tony Stark: Iron Man (2018) #7', NULL, '2021-09-10 10:44:44', 'Comic'),
(69966, 'Tony Stark: Iron Man (2018) #8', NULL, '2021-09-10 10:44:44', 'Comic'),
(69967, 'Tony Stark: Iron Man (2018) #9', '“STARK REALITIES” PART FOUR! Who controls the eScape? Who controls the real world? And who is in control of Iron Man? The answer to at least one of these questions is the Controller. The answer to the others might surprise you. It’s an all-out battle on multiple fronts with reality, the cyberscape and the heart, mind and soul of Tony Stark at stake!', '2021-09-10 10:44:44', 'Comic'),
(69968, 'Tony Stark: Iron Man (2018) #10', '“STARK REALITIES” continues with “THE IMPOSSIBLE ARMOR”! Iron Man isn’t a suit. It’s an idea born from the mind of Tony Stark. And in a place where thought and reality are one and the same, a place where Tony’s imagination is unchecked, what kind of terrifying, all-powerful Iron Man armor will be born?!\n', '2021-09-10 10:44:44', 'Comic'),
(69969, 'Tony Stark: Iron Man (2018) #11', ' “STARK REALITIES” CONCLUDES! Now that the secret of the eScape has been revealed... =its effects on the real world will be devastating! Who’s your favorite cast member? Tony, Jocasta, Andy, Rhodey, Bethany, Amanda, Machine Man, or the Wasp? Maybe you shouldn’t get too attached. Not everyone’s making it out of this story in one piece. ', '2021-09-10 10:44:44', 'Comic'),
(69970, 'Tony Stark: Iron Man (2018) #12', NULL, '2021-09-10 10:44:44', 'Comic'),
(70061, 'Venomnibus Vol. 1 (Hardcover)', 'Spider-Man’s symbiotic sparring partner goes solo as he heads to San Francisco - but is he a deadly villain or lethal protector? Find out, along with the Punisher, Daredevil, Iron Man, Hulk, Darkhawk, Juggernaut, Spidey and more! Venom faces madness, vengeance and a bad case of separation anxiety - plus the ultimate symbiote showdown with the psychopathic Carnage! It’s a Brock-buster volume that could only be called a Venomnibus! Collecting VENOM: LETHAL PROTECTOR #1-6, VENOM: FUNERAL PYRE #1-3, DAREDEVIL (1964) #323, IRON MAN (1968) #302, DARKHAWK #35-37, VENOM: THE MADNESS #1-3, VENOM: THE ENEMY WITHIN #1-3, INCREDIBLE HULK VS. VENOM #1, VENOM: THE MACE #1-3, NIGHTWATCH #5-6, VENOM: NIGHTS OF VENGEANCE #1-4, SPIDER-MAN: THE ARACHNIS PROJECT #6, WEB OF SPIDER-MAN (1985) #118-119, SPIDER-MAN (1990) #52-53, VENOM: SEPARATION ANXIETY #1-4, VENOM: CARNAGE UNLEASHED #1-4 and material from SILVER SABLE & THE WILD PACK #18-19, plus Venom subplot pages.', '2021-09-10 10:44:44', 'Hardcover'),
(70077, 'Weapon H Vol. 2: War For Weirdworld (Trade Paperback)', 'Collects Weapon H #7-12.\n\nWeapon H heads to Weirdworld! Weapon H joins Captain America in battle against the Skrullduggers! What the heck are they? Why, dragon-monsters with Skrull shape-shifting powers, obviously! But what have they got to do with Roxxon? And are they from outer space — or somewhere far worse? With allies including Korg, Man-Thing and Titania, our hero is in for the trip of a lifetime to the Marvel Universe’s most far-out locale — but its ruler, Morgan Le Fay, won’t be happy to see them! And she certainly won’t like Roxxon’s plans for Weirdworld! With a deadly sorceress on the rampage, it’s time for Clay and his team to cut their losses. But the ever-bullish Dario Agger isn’t about to lose a profit — and Weapon H will have to bear the cost!', '2021-09-10 10:50:00', 'Trade Paperback');
INSERT INTO `Comics` (`IdComic`, `Title`, `Description`, `LastModified`, `Format`) VALUES
(70300, 'Spider-Man/Iron Man: Marvel Team-Up (Trade Paperback)', 'Collects Marvel Team-Up (1972) #9-11, #48-51, #72, #110 and #145. Web-head meets Shell-head in a collection of their greatest Marvel team-ups! When the Avengers are captured, Spider-Man and Iron Man find themselves caught in a tussle through time between Kang the Conqueror and Zarrko the Tomorrow Man — a saga that draws in the Human Torch and the Inhumans! Spidey and Iron Man will need a little help from Doctor Strange if they want to survive the mind-bending powers of the Wraith! But the villain has a friend, too: the deadly Whiplash! Things get explosive when the volcanic menace Magma erupts into our heroes’ lives! And it’s a team-up with a difference as Jim Rhodes in the armor joins a black-costumed web-slinger in battle with Blacklash! Discover why Spidey and Iron Man are two great tastes that taste great together!', '2021-09-10 10:44:44', 'Trade Paperback'),
(70394, 'Marvel Knights Captain America By Rieber & Cassaday: The New Deal (Trade Paperback)', 'Collects Captain America (2002) #1-6. Axis of Evil beware — here comes Captain America! Our nation has never needed heroes more than we do now. With the acts of madmen threatening all we hold dear, the time has come for one man to fight for our freedoms! In this stunning and spectacularly illustrated tale set in the aftermath of 9/11, Cap must deal with the way America — and the world — has changed. From the ruins of the World Trade Center to the horrors of a small town shaken by terrorism, this is one story you’ll never forget — and neither will Marvel’s star-spangled champion!', '2021-09-10 10:50:00', 'Trade Paperback'),
(70413, 'Jeph Loeb & Tim Sale: Yellow, Blue, Gray & White (Hardcover)', 'All four of Jeph Loeb and Tim Sale’s classic “color” masterpieces in one atmospheric hardcover! Blind acrobat Daredevil was inspired to heroism by the example of his prizefighter father — but Matt Murdock is a young man in love with Karen Page. Relive Daredevil’s heartwarming, heartbreaking debut! Then, Peter Parker and Gwen Stacy want to spend the rest of their lives together — but first, Spider-Man must run a gauntlet of his greatest foes. No matter how powerful the Incredible Hulk becomes, his heart can still be shattered by Betty Ross — the daughter of his greatest enemy! And Captain America battles beside best friend Bucky behind enemy lines in World War II! Touching and insightful tales of super-heroism from an Eisner Award-winning team! Collecting DAREDEVIL: YELLOW #1-6, SPIDER-MAN: BLUE #1-6, HULK: GRAY #1-6 and CAPTAIN AMERICA: WHITE #0-5.', '2021-09-10 10:50:00', 'Hardcover'),
(70415, 'Marvel Universe by John Byrne Omnibus Vol. 2 (Hardcover)', 'Legendary creator John Byrne’s incredible influence extends to every corner of the Marvel Universe! Thrill to Byrne’s full runs on IRON FIST, STAR BRAND, MARVEL TWO-IN-ONE and more — alongside his blockbuster She-Hulk graphic novel, a Daredevil/Ghost Rider crossover, the debut of a Lost Generation of heroes and a score of rarities — some never before reprinted! Witness Byrne’s signature takes on Spider-Man, the Avengers, Black Panther, Hulk, Tigra, Iron Man, the Thing, Red Skull, Magneto and more! Collecting MARVEL PREMIERE #25; IRON FIST (1975) #1-15; MARVEL TEAM-UP (1972) #63-64 and #100 (B STORY); MARVEL CHILLERS #6; DAREDEVIL (1964) #138; GHOST RIDER (1973) #20; CHAMPIONS (1975) #17; INCREDIBLE HULK ANNUAL #7; IRON MAN (1968) #118; MARVEL TWO-IN-ONE (1974) #43, #50 and #53-55; AVENGERS ANNUAL #13; MARVEL GRAPHIC NOVEL #18: THE SENSATIONAL SHE-HULK; STAR BRAND #11-13, #14-18 (A STORIES) and #19; NEW MUTANTS (1983) #75; MARVEL: THE LOST GENERATION #12-1; and material from GIANT-SIZE DRACULA #5, BIZARRE ADVENTURES #31, CAPTAIN AMERICA (1968) #350, X-FACTOR ANNUAL #4, MARVEL COMICS PRESENTS (1988) #79 and HULK (1999) #1.', '2021-09-10 10:50:00', 'Hardcover'),
(70544, 'True Believers: Ant-Man Presents Iron Man - The Ghost and the Machine (2018) #1', 'Reprinting Iron Man (1968) #219!', '2021-09-10 10:44:44', 'Comic'),
(70744, 'Captain America (2018) #13', NULL, '2021-09-10 10:50:00', 'Comic'),
(70745, 'Captain America (2018) #14', NULL, '2021-09-10 10:50:00', 'Comic'),
(70746, 'Captain America (2018) #15', NULL, '2021-09-10 10:50:00', 'Comic'),
(70796, 'Tony Stark: Iron Man Vol. 3 - War Of The Realms (Trade Paperback)', NULL, '2021-09-10 10:44:44', 'Trade Paperback'),
(70797, 'Tony Stark: Iron Man (2018) #13', NULL, '2021-09-10 10:44:44', 'Comic'),
(70798, 'Tony Stark: Iron Man (2018) #14', NULL, '2021-09-10 10:44:44', 'Comic'),
(70799, 'Tony Stark: Iron Man (2018) #15', NULL, '2021-09-10 10:44:44', 'Comic'),
(70800, 'Tony Stark: Iron Man (2018) #16', NULL, '2021-09-10 10:44:44', 'Comic'),
(71222, 'The Unbeatable Squirrel Girl (2015) #48', NULL, '2021-09-10 10:44:44', 'Comic'),
(71245, 'Amazing Fantasy (2021) #1', NULL, '2021-09-10 10:50:00', 'Comic'),
(71246, 'Amazing Fantasy (2021) #2', NULL, '2021-09-10 10:50:00', 'Comic'),
(71288, 'Infinity Warps: Two-In-One (Trade Paperback)', 'Requiem has used the Infinity Stones to cut the universe\'s population in half — but not by killing anyone. As reality itself warps, Earth\'s heroes find themselves…merged together! Stephen Rogers couldn\'t serve his country in World War II — until a sorcerous government program transformed him into the Soldier Supreme! Stark Odinson, kidnapped by Ice Giants and forced to make weapons, turned their forges against them and became Iron Hammer! A sinister deal turned Wakandan prince T\'Challa into the Ghost Panther! Plus: More uncanny twists on your favorite Marvel heroes! The Arachknight! Weapon Hex! The Terrific Two! Green Widow! Moon Squirrel and Tippysaur! Diamond Patch! Kamala Kang! And the Punisher Pack!\n', '2021-09-10 10:50:00', 'Trade Paperback'),
(71324, 'Miles Morales: Spider-Man (2018) #3', NULL, '2021-09-10 10:50:00', 'Comic'),
(71799, 'Shuri (2018) #5', NULL, '2021-09-10 10:44:44', 'Comic'),
(73558, 'Marvel Adventures Super Heroes (2018) #2', 'When Kraven the Hunter’s anger gets the best of him, a situation quickly develops where only the Avengers can stop Kraven (and his Trash-Talking Target), from ripping New York wide open!', '2021-09-10 10:44:44', 'Infinite Comic'),
(73564, 'Marvel Adventures: Super Heroes (2019) #2', 'Will even the combined powers of the Mighty Avengers be a match for the ghost of a giant that\'s been terrorizing Britain? It\'s a new Avengers line-up versus the Old World, with the life of an entire village at stake!', '2021-09-10 10:50:00', 'Infinite Comic'),
(73566, 'Marvel Adventures: Super Heroes (2019) #4', 'When Gary Gaunt’s special serum is stolen, Nova and the Avengers find themselves at ground zero with the strangest man/monster of them all!', '2021-09-10 10:50:00', 'Infinite Comic'),
(73594, 'Marvel Universe: Time and Again (Trade Paperback)', 'Collects Amazing Spider-Man Annual (2018) #1, Captain America Annual (2018) #1, Daredevil Annual (2018) #1, Silver Surfer Annual (2018) #1, Spider-Man Annual (2018) #1, X-Men Gold Annual (2018) #2, Journey Into Mystery: The Birth Of Krakoa (2018) #1. Untold tales of your favorite Marvel heroes! Before Spider-Man discovered his black costume was a symbiote, what nighttime adventures did it take him on? On an advance scouting mission during World War II, Captain America and Bucky face one of their longest nights! Discover the first meeting between Daredevil and hero-hating NYPD Detective Misty Knight! Join the Silver Surfer on a fateful hunt for a planet to feed to his master, Galactus! Learn what spider-powered teen Miles Morales was up to during the Skrull Secret Invasion! Witness Kitty Pryde’s first kiss! And join Sgt. Fury and the Howling Commandos as they encounter the living island Krakoa!', '2021-09-10 10:50:00', 'Trade Paperback'),
(73666, 'Iron Man: Heroes Return - The Complete Collection Vol. 1 (Trade Paperback)', 'Collects Iron Man (1998) #1-14, Captain America (1998) #8, Quicksilver #10, Avengers (1998) #7, Iron Man/Captain America Annual 1998 And Fantastic Four (1998) #15.\n\nKurt Busiek and Sean Chen return Tony Stark to the Marvel Universe — and restore the shine to Iron Man! As Tony rebuilds his corporation from the ground up, enemies old and new remind him his work is never done! With romance, rivalry and robots to keep Tony busy, can he help his Avengers teammate Warbird in her own struggle against his worst enemy…the one in a bottle? Plus: Shell-Head must deal with a cold, calculated and very personal attack from his archnemesis — the Mandarin! Iron Man teams with Captain America to face the menace of M.O.D.O.K., and joins the Fantastic Four in an adventure to the moon! Guest-starring the Black Widow, and James Rhodes: War Machine!', '2021-09-10 10:50:00', 'Trade Paperback'),
(73671, 'What If? Classic: The Complete Collection Vol. 1 (Trade Paperback)', 'Collects What If? (1977) #1-12. Titanic tales of triumph and tragedy in the mighty Marvel tradition — with a twist! Overseen by the Watcher, the most offbeat series of all revisited major Marvel moments, asking the tantalizing question: what if? Imagine that a young Spider-Man joined the Fantastic Four! Consider the Hulk with Bruce Banner\'s brain! Envision a world where the Avengers never existed — or one where they assembled in the 1950s! How about the FF with different powers? Daredevil\'s secret exposed? Cap and Bucky surviving World War II? The first time Jane Foster wielded the hammer of Thor, a different Hulk or multiple Spider-People? Some of the ideas that shook Marvel\'s foundations began in the realm of remote possibility! But can even Uatu believe his eyes when Jack Kirby reimagines himself and his fellow Bullpen legends as the Fantastic Four?!', '2021-09-10 10:50:00', 'Trade Paperback'),
(73856, 'Avengers Epic Collection: Fear The Reaper (Trade Paperback)', 'Collects Avengers (1963) #348-359 and Annual #21 and material from Captain America Annual #11, Thor Annual#17 and Fantastic Four Annual #25.\n\nWhen come the Gatherers! First, the machinations of Hera and Ares pit Hercules against Thor! A visit from the Starjammers and the X-Men proves painful for the Black Knight — and so do his feelings for Crystal and Sersi! And the demonic return of a classic villain teaches the Avengers to fear the Grim Reaper — not to mention his shambling Legion of the Unliving! Then, the Gatherers — Proctor, Magdalene and the Swordsman, plus Sloth and Cassandra — attack at last! But what is the secret behind their dastardly plan — and why is their next target the Black Panther? Plus: The Avengers aid Arkon! And Captain America, Thor and the Fantastic Four are drawn into the time-travel saga of Citizen Kang!', '2021-09-10 10:50:00', 'Trade Paperback'),
(73858, 'Captain America Epic Collection: The Superia Stratagem (Trade Paperback)', 'Collects Captain America (1968) #387-397, Adventures of Captain America #1-4.\n\nHell hath no fury! Captain America faces a threat like never before when Superia raises an army of female super villains — from Anaconda to M.O.D.A.M.! The roguish gun-for-hire Paladin lends Cap a hand, but can these two mismatched adventurers thwart Superia\'s stratagem? Then, Cap comes face-to-face with his German counterpart, Hauptmann Deutschland. Both men are after the Red Skull — until they discover he\'s been killed by Scourge! But nothing is ever as it seems with the Skull. Plus: Diamondback seeks a quiet life — as Cap\'s executive secretary?! Bernie Rosenthal returns! Cap takes on Crossbones, Viper, Taskmaster, Jack O\'Lantern, Doughboy and more! And journey back to World War II for a fresh look at the origin and earliest adventures of Captain America and Bucky!', '2021-09-10 10:50:00', 'Trade Paperback'),
(73862, 'Iron Man By Fraction & Larroca: The Complete Collection Vol. 1 (Trade Paperback)', 'Collects Invincible Iron Man (2008) #1-19.\n\nTony Stark — billionaire industrialist, Invincible Iron Man and now director of S.H.I.E.L.D. — faces the most overwhelming challenge of his life. Ezekiel Stane — the son of Tony\'s late business rival and archenemy Obadiah Stane — has set his sights, his genius and his considerable fortune on the task of destroying the Stark legacy. What\'s worse, Ezekiel has obtained Iron Man technology, and he\'s every bit Tony\'s equal — except younger, faster, smarter… and immeasurably evil! Then, following the Skrulls\' Secret Invasion, Tony\'s entire life has been torn apart. What could make Iron Man the world\'s most wanted? Tony\'s failing health has made the armor too complicated to pilot, and he has Maria Hill on his tail — not to mention his entire rogues\' gallery, all after the billion-dollar bounty on his head! And things only get worse from there!', '2021-09-10 10:44:44', 'Trade Paperback'),
(73867, 'Punisher War Journal by Matt Fraction: The Complete Collection Vol. 1 (Trade Paperback)', 'Collects Punisher War Journal (2006) #1-12 And #1 B&W Edition. The Punisher is back — with a vengeance! When a superhuman Civil War breaks out, Frank Castle finds himself square in the crosshairs of G.W. Bridge, a S.H.I.E.L.D. big gun who always gets his man. Frank should be lying low, but when spandex-clad bad guys start carrying badges…well, that\'s something he just can\'t abide. But can the Punisher play by Captain America\'s rules? In the war\'s aftermath, Frank infiltrates a super-militia bent on igniting a bloody race war — and led by a new Hate-Monger! With Bridge in hot pursuit, can the Punisher disrupt the National Force\'s plans — or will he succumb to hate? Plus: An all-new look for the Punisher brings the Winter Soldier out of the woodwork. And can Frank stand up to the alien madness of WORLD WAR HULK?', '2021-09-10 10:50:00', 'Trade Paperback'),
(73913, 'Avenging Spider-Man: The Complete Collection (Trade Paperback)', 'Collects Avenging Spider-Man #1-15 And Annual #1, Punisher (2011) #10, Daredevil (2011) #11, Amazing Spider-Man Annual #39, Spider-Man Vs. Vampires #1 And Material From Amazing Spider-Man (1999) #692.\n\nSpider-Man swings with a host of heroes as comics’ biggest names deliver a Marvel Team-Up for the 21st century! Spidey and Red Hulk take on a Moloid army, and Captain America and Hawkeye drop by — but what could compare to a night out on the town with She-Hulk? Spidey swoops into action with Captain Marvel, and dodges bullets with Deadpool! Plus: A battle to keep the Omega Drive out of the wrong hands with Daredevil and the Punisher! A trip to the Savage Land with Devil Dinosaur and Moon Boy! Spider-Man and Blade vanquish vampires! Peter Parker in a world where Spider-Man never existed! And clobberin’ time, courtesy of the Thing!', '2021-09-10 10:50:00', 'Trade Paperback'),
(73917, 'Iron Man Epic Collection: Return Of The Ghost (Trade Paperback)', 'Collects Iron Man (1968) #233-244; Iron Man: Crash Graphic Novel; Marvel Fanfare (1982) #22-23, 44.\n\nThe Ghost is back! As Tony Stark struggles with the ramifications of the Armor Wars, he must convince the world there’s a new Iron Man — and what better way to boost Shell-Head’s popularity than stopping a nuclear satellite from crashing to Earth! Spider-Man helps out against the Radioactive Man as Steve Rogers and Ant-Man drop by! But while an alien spreads horror in orbit, the Rhino wreaks havoc on Earth! Fearsome foes are lining up to take down Iron Man — but will Blacklash, Blizzard and Boomerang help him against the Ghost? And will the most dangerous threat of all be Grey Gargoyle, the Mandarin, Doctor Doom…or Tony’s new flame, Kathy Dare?! Plus: Iron Man stars in the world’s first computer-generated graphic novel!', '2021-09-10 10:44:44', 'Trade Paperback'),
(73918, 'Iron Man Epic Collection: The Man Who Killed Tony Stark (Trade Paperback)', 'Collects Iron Man (1968) #2-24.\n\nIron Man’s archnemesis, the Mandarin, has returned — and he’s pushing the Golden Avenger to the breaking point! First, the Mandarin pits Iron Man against the Incredible Hulk in a battle of the titans that only one will walk away from. Then he discovers Iron Man’s secret identity — and tears down Tony Stark! It’s an all-time Iron Man classic like no other! And there’s more where that came from, as Tony finds himself replaced by his own S.H.I.E.L.D. Life-Model Decoy. This doppelganger doesn’t just want to take Stark’s place — he wants to take his life! Plus: Thrill to clashes with the Controller, the Titanium Man and the Crimson Dynamo, an epic throwdown against the Sub-Mariner — and the first appearance of Madame Masque!', '2021-09-10 10:44:44', 'Trade Paperback'),
(73961, 'Decades: Marvel In The \'50s - Captain America Strikes! (Trade Paperback)', 'Celebrate 80 years of Marvel Comics, decade by decade — with the complete shield-slinging adventures of the Captain America of the Fab Fifties! As Atlas Comics revived its super-hero titles, the star-spangled Sentinel of Liberty took on a new mission: smashing the rise of communism across the globe! But an old enemy lies in wait: the Red Skull! In this complete collection of Cap’s 1950s revival, Captain America and Bucky charge into action against fifth columnists, Soviet spies, secret agents from around the globe and fearsome foes from Electro to the Executioner! Plus: A modern-day story pulling back the Iron Curtain on the ’50s Cap as he teams up with none other than Nick Fury!', '2021-09-10 10:50:00', 'Trade Paperback'),
(74104, 'Marvel Masterworks: Captain America Vol. 11 (Hardcover)', NULL, '2021-09-10 10:50:00', 'Hardcover'),
(74768, 'Invaders (2019) #6', NULL, '2021-09-10 10:50:00', 'Comic'),
(74769, 'Invaders (2019) #7', NULL, '2021-09-10 10:44:44', 'Comic'),
(74780, 'Marvel Comics Presents (2019) #1', NULL, '2021-09-10 10:50:00', 'Comic'),
(74782, 'Marvel Comics Presents (2019) #3', '\"THE VIGIL\" featuring Wolverine continues with part 3 in this ongoing series! Three tales with echoes of the decade that began the Heroic Age–the swingin\' 1960s! First up, Wolverine continues his vigil, bringing him to the worst places on Earth. Then, the co-writer of the award-winning March trilogy, Andrew Aydin, pens a tale of Captain America during the Civil Rights movement. Finally, an all-new story of Marvel\'s most famous son of the \'60s–Spider-Man! Brought to you by Tony Award-winner JAMES MONROE IGLEHART (Hamilton, Aladdin on Broadway) and RAY-ANTHONY HEIGHT (MOON GIRL AND DEVIL DINOSAUR)!', '2021-09-10 10:50:00', 'Comic'),
(74786, 'Marvel Comics Presents (2019) #7', NULL, '2021-09-10 10:44:44', 'Comic'),
(74856, 'Tales Through The Marvel Universe (Trade Paperback)', NULL, '2021-09-10 10:50:00', 'Trade Paperback'),
(74859, 'Invaders Vol. 1: War Ghosts (Trade Paperback)', NULL, '2021-09-10 10:50:00', 'Trade Paperback'),
(75181, 'Decades: Marvel in The \'80s - Awesome Evolutions (Trade Paperback)', 'Collects Iron Man (1968) #170, Uncanny X-Men (1981) #173, Fantastic Four (1961) #265, Amazing Spider-Man (1963) #252 and Annual #21, Incredible Hulk (1968) #324, Thor (1966) #378, Captain America (1968) #333 and X-Factor (1986) #24.\n\nCelebrate 80 years of Marvel Comics, decade by decade — and witness major shakeups for iconic heroes in the Awesome Eighties! A new generation of creators crafting character-defining runs changed everything, with new faces donning Iron Man’s armor and slinging Captain America’s shield! Bold makeovers were everywhere — including Spider-Man’s black costume, Storm’s mohawk, Thor’s battle armor, the Hulk’s return to gray, and the transformation of original X-Man Angel into Apocalypse’s metal-winged Horseman of Death! The sensational She-Hulk joined the Fantastic Four, and Peter Parker faced the biggest life-altering event of all: marriage to Mary Jane Watson!\n', '2021-09-10 10:50:00', 'Trade Paperback'),
(75200, 'Marvel Tales: Iron Man (2019) #1', 'The gleaming Golden Avenger steals the show as we celebrate the 80th anniversary of the House of Ideas with the era-spanning MARVEL TALES! This anthology series shines a spotlight on fan-favorite characters, features timeless stories and highlights some of our most impressive talent from the past eight decades. First, Iron Man is born in the incredible origin story of Tony Stark, as told by Stan Lee, Larry Lieber and Don Heck in TALES OF SUSPENSE (1959) #39! Then, the unforgettable Pepper Potts enters Tony’s life as his hard-working assistant in TALES OF SUSPENSE (1959) #45! And, in IRON MAN (1968) #150, the team supreme of Bob Layton, David Michelinie and John Romita Jr. tell a Shell-Head story for the ages! Trapped in the time-lost land of King Arthur, Iron Man battles Doctor Doom! ', '2021-09-10 10:44:44', 'Comic'),
(75329, 'Uncanny X-Men 3D (2019) #1', NULL, '2021-09-10 10:50:00', 'Comic'),
(75392, 'Heroes Reborn Omnibus (Hardcover)', NULL, '2021-09-10 10:44:44', 'Hardcover'),
(75396, 'Kirby Returns! King-Size (Hardcover)', NULL, '2021-09-10 10:50:00', 'Hardcover'),
(75407, 'Marvel Visionaries: John Romita Sr. (Trade Paperback)', ' Celebrate the career of a true Marvel Visionary! From the fabulous fifties to the Femizons’ future, Jazzy John Romita brought his distinctive and definitive style to all corners of the Marvel Universe! Witness the coming of the Communist-hunting Captain America! A furious face-off between Spider-Man and the Green Goblin! The debut of the Devil’s Daughter! Peter Parker’s parents in perilous predicaments! And classic stories featuring the Fantastic Four, Daredevil, Nick Fury, Wolverine, the Kingpin and more — including rarely seen Atlas Era tales! Collecting AMAZING SPIDER-MAN (1963) #39-40, #42, #50 and #108-109; CAPTAIN AMERICA (1968) #138; DAREDEVIL (1964) #16-17; FANTASTIC FOUR (1961) #105-106; UNTOLD TALES OF SPIDER-MAN #-1; and material from VAMPIRE TALES #2, STRANGE TALES (1951) #4, MENACE #6 and #11, YOUNG MEN #24 and #26, WESTERN KID (1954) #12, TALES TO ASTONISH (1959) #77 and AMAZING SPIDER-MAN (1963) #365. ', '2021-09-10 10:50:00', 'Trade Paperback'),
(75411, 'MS. MARVEL: METAMORPHOSIS GN-TPB (Trade Paperback)', NULL, '2021-09-10 00:07:13', 'Trade Paperback'),
(75458, 'Domino: Hotshots (2019) #3', 'BEHOLD! THE CREATION CONSTELLATION! What does it do? You know, besides incite an international arms race between the most powerful governments in the world…\n', '2021-09-10 10:44:44', 'Comic'),
(75477, 'Magnificent Ms. Marvel (2019) #6', NULL, '2021-09-10 10:44:44', 'Comic'),
(75482, 'War of the Realms Strikeforce: The Land of Giants (2019) #1', NULL, '2021-09-10 10:50:00', 'Comic'),
(75499, 'Captain America: Evolutions Of A Living Legend (Trade Paperback)', ' Collects Captain America (1968) #180, #337, #438 And #451; Captain America (1996) #3; Secret Avengers (2010) #1; Captain America (2012) #1; Captain America: Steve Rogers #1; Captain America (2017) #695 and material from Captain America Comics #1-2. The many costumes of Captain America! The star-spangled costume of Captain America has been a timeless symbol of hope and freedom since his days fighting Nazism overseas and McCarthyism at home. This historical retrospective of Steve Rogers’ various uniforms and super hero mantles is a showcase of America’s ever-evolving sociopolitical landscape. From his early days fighting in overt patriotic garb as Captain America during World War II through his adoption of the predominately black uniform and title of the Captain at a time when he became a symbol of resisting absolute government control, Rogers has always worn his allegiance openly. Time and again, Steve has returned to Captain America’s red-white-and-blue iconography, proving that the symbolic clothing of the Sentinel of Liberty stands for a higher ideal than any one person or government can achieve. ', '2021-09-10 10:50:00', 'Trade Paperback'),
(75504, 'Marvels Annotated (2019) #1', NULL, '2021-09-10 10:50:00', 'Comic'),
(75565, 'War Of The Realms Strikeforce (Trade Paperback)', NULL, '2021-09-10 10:50:00', 'Trade Paperback'),
(76056, 'Iron Man: Extremis Marvel Select (Hardcover)', NULL, '2021-09-10 10:44:44', 'Hardcover'),
(76162, 'Black Cat (2019) #11', NULL, '2021-09-10 10:44:44', 'Comic'),
(76163, 'Black Cat (2019) #12', NULL, '2021-09-10 10:44:44', 'Comic'),
(76191, 'Marvel Monograph: The Art Of Adi Granov Vol. 1 (Trade Paperback)', NULL, '2021-09-10 10:44:44', 'Trade Paperback'),
(76359, 'Aero (2019) #11', NULL, '2021-09-10 10:44:44', 'Comic'),
(76360, 'Aero (2019) #12', NULL, '2021-09-10 10:44:44', 'Comic'),
(76710, 'Miles Morales: With Great Power (Trade Paperback)', NULL, '2021-09-10 10:50:00', 'Trade Paperback'),
(76788, 'Wolverine & Captain America: Weapon Plus (2019) #1', NULL, '2021-09-10 10:50:00', 'Comic'),
(77132, 'Daredevil (2019) #22', NULL, '2021-09-10 10:44:44', 'Comic'),
(77163, 'Miles Morales: Spider-Man (2018) #20', NULL, '2021-09-10 10:50:00', 'Comic'),
(77230, 'Captain America by Ta-Nehisi Coates Vol. 4: All Die Young (Trade Paperback)', NULL, '2021-09-10 10:50:00', 'Trade Paperback'),
(77231, 'Captain America By Ta-Nehisi Coates Vol. 5: All Die Young Part Two (Trade Paperback)', NULL, '2021-09-10 10:50:00', 'Trade Paperback'),
(77232, 'Captain America (2018) #16', NULL, '2021-09-10 10:50:00', 'Comic'),
(77233, 'Captain America (2018) #17', NULL, '2021-09-10 10:50:00', 'Comic'),
(77234, 'Captain America (2018) #18', NULL, '2021-09-10 10:50:00', 'Comic'),
(77235, 'Captain America (2018) #19', NULL, '2021-09-10 10:50:00', 'Comic'),
(77236, 'Captain America (2018) #20', NULL, '2021-09-10 10:50:00', 'Comic'),
(77237, 'Captain America (2018) #21', NULL, '2021-09-10 10:50:00', 'Comic'),
(77238, 'Captain America (2018) #22', NULL, '2021-09-10 10:50:00', 'Comic'),
(77239, 'Captain America (2018) #23', NULL, '2021-09-10 10:50:00', 'Comic'),
(77240, 'Captain America (2018) #24', NULL, '2021-09-10 10:50:00', 'Comic'),
(77241, 'Captain America (2018) #25', NULL, '2021-09-10 10:50:00', 'Comic'),
(77242, 'Captain America (2018) #26', NULL, '2021-09-10 10:50:00', 'Comic'),
(77243, 'Captain America (2018) #27', NULL, '2021-09-10 10:50:00', 'Comic'),
(77492, 'Captain America: The End (2020) #1', NULL, '2021-09-10 10:50:00', 'Comic'),
(77635, 'Captain America & The Invaders: Bahamas Triangle (2019) #1', NULL, '2021-09-10 10:50:00', 'Comic'),
(78072, 'Captain America: Winter Soldier Marvel Select (Hardcover)', NULL, '2021-09-10 10:50:00', 'Hardcover'),
(78359, 'Avengers: Marvels Snapshots (2020) #1', NULL, '2021-09-10 10:44:44', 'Comic'),
(78361, 'Civil War: Marvels Snapshots (2020) #1', NULL, '2021-09-10 10:50:00', 'Comic'),
(78444, 'Loki (2019) #2', NULL, '2021-09-10 10:44:44', 'Comic'),
(78489, 'Marvel-Verse: Iron Man (Trade Paperback)', NULL, '2021-09-10 10:44:44', 'Trade Paperback'),
(78621, 'Marvel\'s Avengers: Captain America (2020) #1', NULL, '2021-09-10 10:50:00', 'Comic'),
(78633, 'Thor (2020) #7', NULL, '2021-09-10 10:44:44', 'Comic'),
(78634, 'Thor (2020) #8', NULL, '2021-09-10 10:44:44', 'Comic'),
(79478, 'Marvel\'s Avengers: Iron Man (2019) #1', NULL, '2021-09-10 10:44:44', 'Comic'),
(79897, 'Tony Stark: Iron Man (2018) #17', NULL, '2021-09-10 10:44:44', 'Comic'),
(79899, 'Tony Stark: Iron Man (2018) #19', NULL, '2021-09-10 10:44:44', 'Comic'),
(80459, 'Iron Man 2020 (2020) #1', NULL, '2021-09-10 10:44:44', 'Comic'),
(80464, 'Iron Man 2020 (2020) #5', NULL, '2021-09-10 10:44:44', 'Comic'),
(81086, 'Ruins of Ravencroft: Dracula (2020) #1', NULL, '2021-09-10 10:50:00', 'Comic'),
(81260, 'Captain America Epic Collection: Blood And Glory (Trade Paperback)', NULL, '2021-09-10 10:50:00', 'Trade Paperback'),
(82285, 'Heroes Reborn: Captain America (Trade Paperback)', NULL, '2021-09-10 10:50:00', 'Trade Paperback'),
(82323, 'Captain America: Sam Wilson - The Complete Collection Vol. 2 (Trade Paperback)', NULL, '2021-09-10 10:50:00', 'Trade Paperback'),
(82368, 'Marvel Monograph: The Art Of Chris Bachalo (Trade Paperback)', NULL, '2021-09-10 10:50:00', 'Trade Paperback'),
(82601, 'Captain America: Marvels Snapshots (2020) #1', NULL, '2021-09-10 10:50:00', 'Comic'),
(82965, 'Marvel Previews (2017)', NULL, '2021-09-10 11:19:58', ''),
(82967, 'Marvel Previews (2017)', NULL, '2021-09-10 11:19:58', ''),
(82970, 'Marvel Previews (2017)', NULL, '2021-09-10 11:19:58', ''),
(83354, 'Marvel and Synchrony Present Captain America & Winter Soldier: War Bonds (2019)', 'Captain America teaches Bucky a lesson on savings as they team up to take down the Red Skull!', '2021-09-10 10:50:00', 'Comic'),
(83436, 'MARVEL ACTION CLASSICS: CAPTAIN AMERICA 1 (2019) #1', 'Four tales for the price of one! Captain America, living legend of World War II, battles spies in Hollywood and M.O.D.O.K.\'s predecessor P.R.O.D.O.K....but nothing prepares him for spending the next few decades frozen in ice! When he comes to in the present day, Hydra strikes and Cap learns the action hasn\'t let up-the Marvel Action, that is!  Classic Captain America tales from the legendary vault of heroes!  All-ages action in the past and present!', '2021-09-10 10:50:00', 'Digital Comic'),
(83437, 'Marvel Action Classics: Hulk (2019) #1', 'A double feature as everybody\'s favorite rage monster joins forces with the Marvel Universe\'s biggest heroes! First-Bruce Banner visits the doctor to get control of the Hulk-but Doctor Strange has problems of his own! Then-Hercules needs a helping hand, and that spells T-R-O-U-B-L-E for Hulk, Spider-Man, and Iron Man!', '2021-09-10 10:44:44', 'Digital Comic'),
(83481, 'True Believers: Annihilation - Moondragon (2019) #1', NULL, '2021-09-10 10:44:44', 'Comic'),
(83486, 'True Believers: Annihilation - Super-Adaptoid (2019) #1', NULL, '2021-09-10 10:50:00', 'Comic'),
(84097, 'True Believers: The Criminally Insane - Mandarin  (2020) #1', NULL, '2021-09-10 10:44:44', 'Comic'),
(84496, 'MARVEL-VERSE: CAPTAIN AMERICA GN-TPB (Trade Paperback)', NULL, '2021-09-10 00:07:13', 'Trade Paperback'),
(84518, 'Iron Man 2020: Director’s Cut Edition (2020) #1', NULL, '2021-09-10 10:44:44', 'Comic'),
(84567, 'True Believers: Iron Man 2020 - War Machine (2020) #1', NULL, '2021-09-10 10:44:44', 'Comic'),
(85496, 'King In Black (Trade Paperback)', NULL, '2021-09-10 10:50:00', 'Trade Paperback'),
(85577, 'Iron Man (2020) #1', NULL, '2021-09-10 10:44:44', 'Comic'),
(85578, 'Iron Man (2020) #2', NULL, '2021-09-10 10:44:44', 'Comic'),
(85579, 'Iron Man (2020) #3', NULL, '2021-09-10 10:44:44', 'Comic'),
(85580, 'Iron Man (2020) #4', NULL, '2021-09-10 10:44:44', 'Comic'),
(85581, 'Iron Man (2020) #5', NULL, '2021-09-10 10:44:44', 'Comic'),
(85582, 'Iron Man (2020) #6', NULL, '2021-09-10 10:44:44', 'Comic'),
(85583, 'Iron Man (2020) #7', NULL, '2021-09-10 10:44:44', 'Comic'),
(85584, 'Iron Man (2020) #8', NULL, '2021-09-10 10:44:44', 'Comic'),
(85585, 'Iron Man (2020) #9', NULL, '2021-09-10 10:44:44', 'Comic'),
(85586, 'Iron Man (2020) #10', NULL, '2021-09-10 10:44:44', 'Comic'),
(85662, 'Free Comic Book Day: X-Men (2020) #1', NULL, '2021-09-10 10:44:44', 'Comic'),
(88628, 'Empyre: Captain America (2020) #1', NULL, '2021-09-10 10:50:00', 'Comic'),
(88629, 'Empyre: Captain America (2020) #2', NULL, '2021-09-10 10:50:00', 'Comic'),
(89543, 'Captain America (2018) #28', NULL, '2021-09-10 10:50:00', 'Comic'),
(89544, 'Captain America (2018) #29', NULL, '2021-09-10 10:50:00', 'Comic'),
(89545, 'Captain America (2018) #30', NULL, '2021-09-10 10:50:00', 'Comic'),
(89602, 'Daredevil (2019) #32', NULL, '2021-09-10 10:44:44', 'Comic'),
(89677, 'Iron Man (2020) #11', NULL, '2021-09-10 10:44:44', 'Comic'),
(89735, 'Thor (2020) #15', NULL, '2021-09-10 10:50:00', 'Comic'),
(90048, 'Captain America #117: Facsimile Edition (2021)', NULL, '2021-09-10 10:50:00', 'Comic'),
(90052, 'Tales of Suspense Facsimile Edition (2020) #39', NULL, '2021-09-10 10:44:44', 'Comic'),
(90333, 'Captain America Annual (2021) #1', NULL, '2021-09-10 10:50:00', 'Comic'),
(90339, 'Iron Man Annual (2021) #1', NULL, '2021-09-10 10:44:44', 'Comic'),
(90361, 'Dark Ages (2021) #1', NULL, '2021-09-10 10:44:44', 'Comic'),
(90385, 'Avengers Annual (2021) #1', NULL, '2021-09-10 10:50:00', 'Comic'),
(90521, 'Man-Thing by Steve Gerber: The Complete Collection Vol. 3 (Trade Paperback)', NULL, '2021-09-10 10:44:44', 'Trade Paperback'),
(91232, 'Captain America: Von Strucker Gambit (2020)', NULL, '2021-09-10 10:50:00', ''),
(91746, 'King in Black: Captain America (2021) #1', NULL, '2021-09-10 10:50:00', 'Comic'),
(91755, 'King In Black: Iron Man/Doom (2020) #1', NULL, '2021-09-10 10:44:44', 'Comic'),
(92166, 'Captain America Anniversary Tribute (2021) #1', NULL, '2021-09-10 10:50:00', 'Comic'),
(92203, 'Black Panther (2021) #1', NULL, '2021-09-10 00:07:13', 'Comic'),
(92226, 'Giant-Size Little Marvels Infinity Comic (2021) #1', 'Giant-Size Little Marvels Presents \"Sorry, Cap!\"', '2021-09-10 10:50:00', 'Digital Vertical Comic'),
(92227, 'Giant-Size Little Marvels Infinity Comic (2021) #2', 'Giant-Size Little Marvels Presents \"Sorry, Cap!\"', '2021-09-10 10:44:44', 'Digital Vertical Comic'),
(92256, 'It\'s Jeff Infinity Comic (2021)', NULL, '2021-09-10 00:07:13', 'Digital Vertical Comic'),
(92315, 'X-Men Unlimited Infinity Comic (2021)', NULL, '2021-09-10 00:07:13', 'Digital Vertical Comic'),
(92801, 'Captain America Infinity Comic (2021) #1', 'A violent group has taken possession of the Liberty Bell—and demanded an audience with Captain America!', '2021-09-10 10:50:00', 'Digital Vertical Comic'),
(92802, 'Captain America Infinity Comic (2021) #2', 'Captain America: Steve Rogers has one mission: To save liberty against a racing clock. Creators Jay Edidin and Nico Leon present this thriller that pushes Steve Rogers to the outer limits of his resolve.', '2021-09-10 10:50:00', 'Digital Vertical Comic'),
(93166, 'X OF SWORDS TPB (Trade Paperback)', NULL, '2021-09-10 00:07:13', 'Trade Paperback'),
(93306, 'The United States of Captain America (2021) #1', NULL, '2021-09-10 10:50:00', 'Comic'),
(93307, 'The United States of Captain America (2021) #2', NULL, '2021-09-10 10:50:00', 'Comic'),
(93308, 'The United States of Captain America (2021) #3', NULL, '2021-09-10 10:50:00', 'Comic'),
(93328, 'Shang-Chi (2021) #2', NULL, '2021-09-10 10:50:00', 'Comic'),
(93469, 'Marvel Action Chillers (2020) #1', NULL, '2021-09-10 10:44:44', 'Digital Comic'),
(93470, 'Marvel Action Chillers (2020) #2', NULL, '2021-09-10 10:50:00', 'Digital Comic'),
(93792, 'Captain America Epic Collection: The Captain (Trade Paperback)', NULL, '2021-09-10 10:50:00', 'Trade Paperback'),
(93793, 'Captain America\'s Bicentennial Battles: All-New Marvel Treasury Edition  (Trade Paperback)', NULL, '2021-09-10 10:50:00', 'Trade Paperback'),
(94174, 'X-Men Unlimited Infinity Comic (2021)', NULL, '2021-09-10 00:07:13', 'Digital Vertical Comic'),
(95983, 'Black Panther (2021) #1 (Variant)', NULL, '2021-09-10 00:07:13', 'Comic'),
(95985, 'Black Panther (2021) #1 (Variant)', NULL, '2021-09-10 00:07:13', 'Comic');

-- --------------------------------------------------------

--
-- Estructura de tabla para la tabla `Creators`
--

CREATE TABLE `Creators` (
  `IdCreator` int(11) NOT NULL,
  `Name` varchar(400) NOT NULL
) ENGINE=InnoDB DEFAULT CHARSET=utf8;

--
-- RELACIONES PARA LA TABLA `Creators`:
--

--
-- Volcado de datos para la tabla `Creators`
--

INSERT INTO `Creators` (`IdCreator`, `Name`) VALUES
(2, 'Garth Ennis'),
(15, 'Alan Moore'),
(16, 'Alan Davis'),
(18, 'Jeph Loeb'),
(19, 'Tim Sale'),
(23, 'David Mack'),
(24, 'Brian Michael Bendis'),
(26, 'Bill Sienkiewicz'),
(28, 'Greg Rucka'),
(30, 'Stan Lee'),
(32, 'Steve Ditko'),
(44, 'Chris Claremont'),
(46, 'Dave Cockrum'),
(49, 'Darick Robertson'),
(52, 'Bruce Jones'),
(55, 'Paul Jenkins'),
(56, 'Jae Lee'),
(63, 'Alex Ross'),
(72, 'Humberto Ramos'),
(73, 'Steve Dillon'),
(87, 'Mark Bagley'),
(88, 'Mark Millar'),
(91, 'Frank Tieri'),
(96, 'Jim Lee'),
(103, 'George Perez'),
(104, 'Steve Englehart'),
(105, 'Sal Buscema'),
(106, 'Bob Brown'),
(119, 'Mark Waid'),
(120, 'Ron Garney'),
(127, 'John Paul Leon'),
(144, 'Steve Gerber'),
(146, 'Jim Starlin'),
(148, 'Gil Kane'),
(162, 'John Cassaday'),
(168, 'John Ney Rieber'),
(174, 'Sean Chen'),
(180, 'Kieron Dwyer'),
(181, 'Geoff Johns'),
(188, 'Georges Jeanty'),
(191, 'Kaare Andrews'),
(196, 'Jack Kirby'),
(199, 'Herb Trimpe'),
(208, 'Paco Medina'),
(210, 'Bill Jemas'),
(211, 'Mark Bright'),
(215, 'Ann Nocenti'),
(222, 'Paul Gulacy'),
(223, 'Doug Moench'),
(232, 'Chris Bachalo'),
(241, 'Dale Keown'),
(243, 'Mike Mayhew'),
(259, 'Mark Gruenwald'),
(270, 'Gene Colan'),
(271, 'Marv Wolfman'),
(272, 'Paolo Rivera'),
(273, 'Leandro Fernandez'),
(277, 'Terry Dodson'),
(297, 'Bill Everett'),
(305, 'Don Heck'),
(312, 'Mike Deodato'),
(326, 'Daniel Quantz'),
(329, 'Adrian Alphona'),
(338, 'Staz Johnson'),
(344, 'Daniel Way'),
(350, 'Richard Starkings'),
(357, 'Jim Cheung'),
(358, 'Allan Heinberg'),
(359, 'John Dell'),
(360, 'Justin Ponsor'),
(362, 'Scott Hanna'),
(367, 'Ed Brubaker'),
(370, 'Eric Jerome Dickey'),
(371, 'David Hine'),
(372, 'Angel Medina'),
(374, 'Steve Epting'),
(382, 'Rik Levins'),
(389, 'Jim Mooney'),
(394, 'Eric J. Moreels'),
(408, 'Carl Burgos'),
(410, 'Rus Wooton'),
(413, 'Juan Vlasco'),
(424, 'Udon Comics'),
(425, 'Greg Land'),
(426, 'Jason Keith'),
(427, 'Tim Townsend'),
(428, 'Antonio Fabela'),
(430, 'Edgar Delgado'),
(434, 'Michael Ryan'),
(435, 'Al Milgrom'),
(436, 'Adi Granov'),
(440, 'Mark Farmer'),
(442, 'Dean White'),
(444, 'Tom Raney'),
(447, 'Victor Olazaba'),
(452, 'Virtual Calligr'),
(454, 'Mark Morales'),
(471, 'Dexter Vines'),
(474, 'Andrea DI Vito'),
(479, 'Paul Mounts'),
(480, 'Cam Smith'),
(481, 'Barry Kitson'),
(483, 'Tom Grummett'),
(489, 'Philip Tan'),
(490, 'Pat Lee'),
(495, 'Takeshi Miyazawa'),
(497, 'John Livesay'),
(500, 'Christopher Sotomayor'),
(506, 'Joe Bennett'),
(509, 'Michael Lark'),
(512, 'Lee Bermejo'),
(519, 'Gail Simone'),
(527, 'Tom Palmer'),
(536, 'Greg Pak'),
(544, 'Wayne Faucher'),
(549, 'Lewis Larosa'),
(561, 'Wil Quintana'),
(568, 'Art Thibert'),
(570, 'Klaus Janson'),
(571, 'Rob Liefeld'),
(575, 'Brian Stelfreeze'),
(576, 'Jon Proctor'),
(582, 'Brian Reber'),
(586, 'Michael Kelleher'),
(592, 'Rachel Dodson'),
(593, 'Lee Loughridge'),
(600, 'Clayton Crain'),
(616, 'Jay Leisten'),
(648, 'Simone Bianchi'),
(649, 'Ed Mcguinness'),
(658, 'Ron Lim'),
(676, 'Warren Ellis'),
(682, 'Todd Dezago'),
(684, 'Mike Raicht'),
(688, 'Michael OHare'),
(689, 'Derek Fridolfs'),
(691, 'Jonboy Meyers'),
(692, 'Pat Davidson'),
(694, 'Mark Brooks'),
(704, 'Erik Larsen'),
(708, 'Mike Perkins'),
(717, 'Cully Hamner'),
(718, 'Marc Sumerak'),
(735, 'Travel Foreman'),
(758, 'Leinil Francis Yu'),
(774, 'Morry Hollowell'),
(791, 'Tom Orzechowski'),
(808, 'Howard Chaykin'),
(809, 'Dave Meikis'),
(820, 'Leonard Kirk'),
(832, 'Val Staples'),
(856, 'Michael Turner'),
(872, 'Marte Gracia'),
(887, 'Ronald Byrd'),
(888, 'Michael Hoskin'),
(896, 'Stuart Vandal'),
(897, 'Sean Mcquaid'),
(898, 'Bill Lentz'),
(899, 'Mark OEnglish'),
(900, 'Barry Reese'),
(902, 'Jeff Christiansen'),
(903, 'Anthony Flamini'),
(905, 'Al Sjoerdsma'),
(906, 'Mike Fichera'),
(907, 'Heather Buchanan'),
(908, 'Kerry Wilkinson'),
(909, 'Eric Engelhard'),
(910, 'Jason Godin'),
(911, 'Bryan Thiessen'),
(919, 'Jonathan Coupersmartt'),
(930, 'Richard Green'),
(934, 'Mike Manley'),
(935, 'Todd Nauck'),
(942, 'Mike Hawthorne'),
(945, 'Larry Lieber'),
(947, 'Joe Simon'),
(954, 'Gerry Conway'),
(957, 'Val Mayerik'),
(958, 'Roger Stern'),
(962, 'Stan Goldberg'),
(964, 'Don Perlin'),
(967, 'Len Wein'),
(968, 'Frank Robbins'),
(1004, 'Daniel Acuna'),
(1005, 'Carlos Magno'),
(1026, 'Tyler Kirkham'),
(1029, 'John STARR'),
(1032, 'Troy Peteri'),
(1038, 'John Kalisz'),
(1040, 'Jay Anacleto'),
(1065, 'Nate Piekos'),
(1082, 'Ariel Olivetti'),
(1117, 'Javier Rodriguez'),
(1132, 'Matt Fraction'),
(1133, 'Stefano Caselli'),
(1141, 'Giuseppe Camuncoli'),
(1148, 'Brett Booth'),
(1156, 'Ryan Stegman'),
(1163, 'Tom Lyle'),
(1167, 'Ross Andru'),
(1172, 'Tony Dezuniga'),
(1177, 'Tony Isabella'),
(1178, 'Archie Goodwin'),
(1183, 'George Tuska'),
(1190, 'Dax Gordine'),
(1231, 'Kurt Busiek'),
(1232, 'Jerry Ordway'),
(1236, 'Michael Fleisher'),
(1245, 'Mike Friedrich'),
(1247, 'Bob Layton'),
(1256, 'Syd Shores'),
(1260, 'Yong Montano'),
(1272, 'Carmine Infantino'),
(1282, 'Ralph Macchio'),
(1283, 'Wesley Wong'),
(1284, 'Michael Higgins'),
(1289, 'Robert Bernstein'),
(1293, 'Steven Grant'),
(1300, 'Terry Shoemaker'),
(1315, 'Steve Leialoha'),
(1335, 'Joe Phillips'),
(1337, 'Ed Benes'),
(1340, 'James Robinson'),
(1353, 'Greg Larocque'),
(1363, 'George R. r. Martin'),
(1364, 'Ben Avery'),
(1369, 'Gerald Parel'),
(1405, 'Matt Milla'),
(1411, 'Mike S. Miller'),
(1421, 'Tomm Coker'),
(1428, 'James Cordeiro'),
(1519, 'Frank Giacoia'),
(1627, 'Mort Lawrence'),
(1709, 'Johnny Craig'),
(1759, 'Joe Rosen'),
(1827, 'John Byrne'),
(1832, 'Bob Sharen'),
(1863, 'Carl Potts'),
(1864, 'Julianna Ferriter'),
(1872, 'Glynis Oliver'),
(1887, 'Janice Chiang'),
(1894, 'Bill Oakley'),
(1901, 'Tom Morgan'),
(1909, 'Steve Buccellato'),
(1914, 'Dan Panosian'),
(1917, 'Kevin Tinsley'),
(1926, 'Mike Mignola'),
(1928, 'Steve Dutro'),
(1929, 'Ian Laughlin'),
(1933, 'Jack Morelli'),
(1967, 'Brad K. Joyce'),
(1969, 'Joe Pimentel'),
(2056, 'Nel Yomtov'),
(2071, 'Evelyn Stein'),
(2112, 'Larry Alexander'),
(2124, 'Shawn Mcmanus'),
(2133, 'Tom Brevoort'),
(2306, 'Yancey Labat'),
(2338, 'Luke Ross'),
(2488, 'Kevin Kobasic'),
(2668, 'Sarra Mossoff'),
(2697, 'Butch Guice'),
(2784, 'David Michelinie'),
(2822, 'Dave Hoover'),
(2879, 'Adam Kubert'),
(2909, 'Roy Thomas'),
(3374, 'Jeff Aclin'),
(3555, 'Donald Hudson'),
(3603, 'Albert Deschesne'),
(3646, 'Dale Eaglesham'),
(3798, 'John Stokes'),
(3885, 'Karl Story'),
(3985, 'Chris Sprouse'),
(4039, 'Bernard Chang'),
(4074, 'Walden Wong'),
(4150, 'Paco Diaz'),
(4201, 'Bob Almond'),
(4267, 'Andy Troy'),
(4300, 'Nick Lowe'),
(4306, 'Laura Martin'),
(4330, 'Graham Nolan'),
(4349, 'Tom McWeeney'),
(4367, 'Ryan Kelly'),
(4430, 'Jeff Youngquist'),
(4600, 'Mark Paniccia'),
(4736, 'Jc'),
(4844, 'Steve Parkhouse'),
(4858, 'Margaret Clark'),
(4953, 'Bob Gale'),
(4991, 'Frank Martin'),
(5022, 'David Nakayama'),
(5044, 'Marc Silvestri'),
(5105, 'Pop Mhan'),
(5160, 'Philip J. Noto'),
(5178, 'Mike Baron'),
(5237, 'Gregory Wright'),
(5251, 'Vc Joe Caramagna'),
(6001, 'Fabian Nicieza'),
(6170, 'Olivier Coipel'),
(6291, 'Peter Bagge'),
(6694, 'Wes Abbot'),
(6743, 'Rich Perrotta'),
(6758, 'Christie Scheele'),
(6901, 'Len Kaminski'),
(7190, 'Skottie Young'),
(7413, 'Paulo Siqueira'),
(7639, 'John Barber'),
(7894, 'Fred Van Lente'),
(7935, 'Sheila Johnson'),
(8003, 'Alex Garner'),
(8168, 'Bruce Canwell'),
(8221, 'Chris Samnee'),
(8264, 'Cynthia Martin'),
(8331, 'Dave Mccaig'),
(8363, 'David Thorpe'),
(8429, 'Dave Sharpe'),
(8504, 'Frank D\'ARMATA'),
(8542, 'Gerry Alanguilan'),
(8635, 'Vc Randy Gentile'),
(8669, 'Jamie Delano'),
(8706, 'Jay David Ramos'),
(8775, 'Joe Sabino'),
(8822, 'Jordan D. White'),
(8825, 'Jorge Molina'),
(9018, 'Mahmud Asrar'),
(9096, 'Michael Cho'),
(9233, 'Paul Renaud'),
(9286, 'Ramon Rosanas'),
(9296, 'Ray-Anthony Height'),
(9329, 'Rico Renzi'),
(9364, 'Rod Reis'),
(9395, 'Salvador Regla'),
(9408, 'Sara Pichelli'),
(9457, 'Stefano Landini'),
(9484, 'Steve Mcniven'),
(9799, 'David Baldeon'),
(9937, 'Jim Charalampidis'),
(9998, 'Elena Casagrande'),
(10021, 'Jim Nausedas'),
(10023, 'Cullen Bunn'),
(10061, 'Ibraim Roberson'),
(10108, 'Marco Castiello'),
(10124, 'Alessandro Vitti'),
(10144, 'Pepe Larraz'),
(10172, 'Vc Clayton Cowles'),
(10279, 'Matthew Wilson'),
(10288, 'Marko Djurdjevic'),
(10329, 'G. Willow Wilson'),
(10363, 'John Rhett Thomas'),
(10405, 'John Tyler Christopher'),
(10445, 'Iban Coello'),
(10581, 'Vero Gandini'),
(10666, 'Jess Harrold'),
(10783, 'John Rauch'),
(10785, 'Stephanie Hans'),
(11092, 'Jenny Frison'),
(11345, 'Mirko Colak'),
(11401, 'Various'),
(11434, 'Nick Spencer'),
(11435, 'Mike Henderson'),
(11463, 'Jason Aaron'),
(11482, 'Jesus Aburtov'),
(11487, 'Arif Prianto'),
(11488, 'Julian Totino Tedesco'),
(11575, 'Kris Anka'),
(11579, 'Sunny Gho'),
(11610, 'David Marquez'),
(11680, 'Gerry Duggan'),
(11737, 'Daniel Ketchum'),
(11743, 'Jonathan Hickman'),
(11748, 'Marco Checchetto'),
(11757, 'Salvador Larroca'),
(11765, 'Christos Gage'),
(11798, 'Matteo Buffagni'),
(11835, 'Rick Remender'),
(11875, 'Nick Bradshaw'),
(11879, 'Stephen Wacker'),
(11901, 'Dennis \"Hopeless\" Hallum'),
(11912, 'Valerio Schiti'),
(11921, 'Jacob Thomas'),
(11947, 'Pepe Larraz'),
(11976, 'Peter M. Woods'),
(12208, 'Arthur Adams'),
(12239, 'Guru Efx'),
(12313, 'Mark Basso'),
(12341, 'Emily Shaw'),
(12369, 'Gerardo Sandoval'),
(12371, 'Charles Soule'),
(12373, 'Alexander Lozano'),
(12376, 'Wilson Moss'),
(12385, 'Carmen Carnero'),
(12390, 'Jim Zub'),
(12426, 'Javier Garron'),
(12447, 'Tom Taylor'),
(12451, 'Jorge Jiminez'),
(12456, 'Katie Kubert'),
(12457, 'Edward Devin Lewis'),
(12464, 'Erica Henderson'),
(12465, 'Ryan North'),
(12479, 'Jason Masters'),
(12480, 'Szymon Kudranski'),
(12489, 'R.B. Silva'),
(12492, 'Ario Anindito'),
(12494, 'Chip Zdarsky'),
(12516, 'Walt Simonson'),
(12551, 'Jesus Saiz'),
(12581, 'Vc Chris Eliopoulos'),
(12698, 'Yasmine Putri'),
(12712, 'Donny Cates'),
(12714, 'Kelly Thompson'),
(12757, 'Darren Sanchez'),
(12762, 'Elmo Bondoc'),
(12765, 'Natacha Bustos'),
(12771, 'Matthew Rosenberg'),
(12783, 'Jefferey Veregge'),
(12798, 'Amy Chu'),
(12814, 'Marco D\'ALFONSO'),
(12817, 'Emilio Laiso'),
(12822, 'Paolo Villanelli'),
(12825, 'Leonardo Romero'),
(12838, 'Jeremy Whitley'),
(12845, 'Scott Wilson'),
(12849, 'Meghan Hetrick'),
(12853, 'Jung Gi Kim'),
(12854, 'Paul Allor'),
(12856, 'Juanan Ramirez'),
(12902, 'Kim Jacinto'),
(12919, 'Katherine Brown'),
(12936, 'Sean Izaakse'),
(12948, 'Margaret Stohl'),
(12974, 'Vc Joe Sabino'),
(12978, 'Roberto Poggi'),
(12979, 'Aaron Kuder'),
(12980, 'Vc Cory Petit'),
(12981, 'Michael Garland'),
(12983, 'Dan Slott'),
(12985, 'Ferran Delgado'),
(12986, 'Jordan Boyd'),
(12989, 'Jordie Bellaire'),
(12991, 'Rachelle Rosenberg'),
(12993, 'Vc Travis Lanham'),
(12996, 'Ian Herring'),
(12998, 'Jan Bazaldua'),
(13003, 'Nolan Woodard'),
(13005, 'Dono Sanchez-Almara'),
(13008, 'Ruth Redmond'),
(13021, 'David Curiel'),
(13027, 'Darren Shan'),
(13031, 'Juann Cabal'),
(13033, 'Nico Leon'),
(13043, 'S Stonehouse'),
(13046, 'Alanna Smith'),
(13055, 'Richard Isanove'),
(13058, 'Marcio Menyz'),
(13059, 'Fred Van Lente'),
(13060, 'Marc Deering'),
(13068, 'J. Scott Campbell'),
(13069, 'Jen Bartel'),
(13072, 'Peter Steigerwald'),
(13074, 'Adriano DI Benedetto'),
(13079, 'Samuel Spratt'),
(13080, 'S SKAN'),
(13081, 'Saladin Ahmed'),
(13082, 'Goran Sudzuka'),
(13093, 'Art Simek'),
(13094, 'Dave Hunt'),
(13098, 'Rafael Albuquerque'),
(13100, 'Jeph York'),
(13106, 'Joshua Cassara'),
(13127, 'Emily Newcomen'),
(13131, 'Ken Lopez'),
(13133, 'Kathleen Wisneski'),
(13137, 'Clay Chapman'),
(13138, 'In-Hyuk Lee'),
(13141, 'Michele Bandini'),
(13151, 'Vc Rus Wooton'),
(13152, 'Joe Quesada'),
(13157, 'Sabine Rich'),
(13162, 'Erick Arciniega'),
(13167, 'Christopher Robinson'),
(13174, 'Elisabetta D\'AMICO'),
(13180, 'Federico Blee'),
(13196, 'John Romita Jr.'),
(13208, 'Nnedi Okorafor'),
(13225, 'Alberto Alburquerque'),
(13232, 'Ethan Sacks'),
(13236, 'Guiu Vilanova'),
(13247, 'Rafael Fonteriz'),
(13250, 'Romulo Fajardo Jr.'),
(13260, 'Jp Mayer'),
(13262, 'Dan Chichester'),
(13270, 'Daniel Kibblesmith'),
(13272, 'John Romita Sr.'),
(13276, 'C.F. Villa'),
(13283, 'Gang Hyuk Lim'),
(13292, 'Scott Mcdaniel'),
(13304, 'Vc Dave Sharpe'),
(13328, 'Brian Clevinger'),
(13345, 'Jose Marzan Jr.'),
(13368, 'Cristiane Peter'),
(13443, 'Dio Neves'),
(13449, 'Chris Sotomayor'),
(13471, 'Jed Mackay'),
(13518, 'Triona Farrell'),
(13526, 'Derek Charm'),
(13531, 'Eduard Petrovich'),
(13539, 'Robert Quinn'),
(13540, 'Francesco Manna'),
(13552, 'Ramon K. Perez'),
(13558, 'Juan Ferreyra'),
(13567, 'Mike Deodato Jr.'),
(13580, 'All Thumbs Creative'),
(13585, 'Ozgur Yildirim'),
(13592, 'Joe Rubinstein'),
(13597, 'OREN JUNIOR'),
(13602, 'Francesco Mobili'),
(13604, 'Marcelo Ferreira'),
(13625, 'Ta-Nehisi Coates'),
(13631, 'Minkyu Jung'),
(13645, 'Alex Gomes'),
(13647, 'Lauren Amaro'),
(13654, 'Andrew Aydin'),
(13655, 'James Iglehart'),
(13661, 'Roberto Aguirre-Sacasa'),
(13676, 'Mattia Iacono'),
(13679, 'Jean-Francious Beaulieu'),
(13689, 'C Cafu'),
(13701, 'Jackson Guice'),
(13702, 'Leo Fernandez'),
(13703, 'Federico Vicentini'),
(13706, 'Lucas Werneck'),
(13750, 'Phillip Kennedy Johnson'),
(13756, 'Josh Trujillo'),
(13769, 'Bill Mantlo'),
(13816, 'Angel Unzueta'),
(13861, 'Christopher Cantwell'),
(13870, 'Sweeney Boo'),
(13876, 'Erica Schultz'),
(13881, 'D.C. Pierson'),
(13915, 'Niko Walter'),
(13917, 'Alyssa Wong'),
(13924, 'Xu Ming'),
(13932, 'Dike Ruan'),
(13940, 'Barbara Kesel'),
(13989, 'Mark Russell'),
(14030, 'Terry Austin'),
(14041, 'Gene Yang'),
(14045, 'Danny Lore'),
(14051, 'Jay Edidin'),
(14063, 'G Gurihiru'),
(14075, 'Vc Ariana Maher'),
(14129, 'Darcie Little Badger'),
(14134, 'David Cutler'),
(14138, 'John Ridley'),
(14151, 'Anthony Falcone'),
(14224, 'Mohale Mashigo'),
(14265, 'Alex Sinclair');

-- --------------------------------------------------------

--
-- Estructura de tabla para la tabla `CreatorsComics`
--

CREATE TABLE `CreatorsComics` (
  `IdCreatorComic` int(11) NOT NULL,
  `IdCreator` int(11) NOT NULL,
  `IdComic` int(11) NOT NULL,
  `Role` varchar(50) NOT NULL,
  `Active` tinyint(1) NOT NULL
) ENGINE=InnoDB DEFAULT CHARSET=utf8;

--
-- RELACIONES PARA LA TABLA `CreatorsComics`:
--   `IdCreator`
--       `Creators` -> `IdCreator`
--   `IdComic`
--       `Comics` -> `IdComic`
--

--
-- Volcado de datos para la tabla `CreatorsComics`
--

INSERT INTO `CreatorsComics` (`IdCreatorComic`, `IdCreator`, `IdComic`, `Role`, `Active`) VALUES
(3, 10021, 82967, 'editor', 1),
(4, 10021, 82970, 'editor', 1),
(5, 6291, 183, 'penciller (cover)', 1),
(6, 600, 428, 'penciller (cover)', 1),
(7, 344, 428, 'writer', 1),
(8, 600, 376, 'penciller (cover)', 1),
(9, 344, 376, 'writer', 1),
(10, 600, 291, 'penciller (cover)', 1),
(11, 344, 291, 'writer', 1),
(12, 232, 1158, 'penciller', 1),
(13, 452, 1158, 'letterer', 1),
(14, 6170, 1158, 'penciler', 1),
(15, 312, 1158, 'penciler', 1),
(16, 181, 1158, 'writer', 1),
(17, 52, 1158, 'writer', 1),
(18, 88, 1158, 'writer', 1),
(19, 479, 1158, 'colorist', 1),
(20, 427, 1158, 'inker', 1),
(21, 576, 384, 'penciller (cover)', 1),
(22, 344, 384, 'writer', 1),
(23, 2133, 59543, 'editor', 1),
(24, 241, 59543, 'penciller (cover)', 1),
(25, 23, 25582, 'penciller (cover)', 1),
(26, 2133, 59559, 'editor', 1),
(27, 12849, 59559, 'penciller (cover)', 1),
(28, 4300, 58586, 'editor', 1),
(29, 12783, 58586, 'penciller (cover)', 1),
(30, 370, 3627, 'writer', 1),
(31, 371, 3627, 'penciller', 1),
(32, 243, 3627, 'penciller (cover)', 1),
(33, 13098, 59548, 'penciller (cover)', 1),
(34, 11737, 59548, 'editor', 1),
(35, 4736, 6181, 'colorist', 1),
(36, 1909, 6181, 'colorist', 1),
(37, 6694, 6181, 'letterer', 1),
(38, 3603, 6181, 'letterer', 1),
(39, 350, 6181, 'letterer', 1),
(40, 87, 6181, 'penciler', 1),
(41, 24, 6181, 'writer', 1),
(42, 210, 6181, 'writer', 1),
(43, 13152, 6181, 'editor', 1),
(44, 568, 6181, 'inker', 1),
(45, 2133, 59524, 'editor', 1),
(46, 12979, 59524, 'penciller (cover)', 1),
(47, 887, 1590, 'writer', 1),
(48, 902, 1590, 'writer', 1),
(49, 919, 1590, 'writer', 1),
(50, 903, 1590, 'writer', 1),
(51, 888, 1590, 'writer', 1),
(52, 898, 1590, 'writer', 1),
(53, 897, 1590, 'writer', 1),
(54, 394, 1590, 'writer', 1),
(55, 899, 1590, 'writer', 1),
(56, 896, 1590, 'writer', 1),
(57, 425, 1590, 'penciller (cover)', 1),
(58, 500, 1590, 'colorist', 1),
(59, 4430, 25321, 'editor', 1),
(60, 907, 1886, 'writer', 1),
(61, 887, 1886, 'writer', 1),
(62, 902, 1886, 'writer', 1),
(63, 909, 1886, 'writer', 1),
(64, 906, 1886, 'writer', 1),
(65, 910, 1886, 'writer', 1),
(66, 897, 1886, 'writer', 1),
(67, 900, 1886, 'writer', 1),
(68, 905, 1886, 'writer', 1),
(69, 911, 1886, 'writer', 1),
(70, 908, 1886, 'writer', 1),
(71, 444, 1886, 'penciller (cover)', 1),
(72, 11092, 59555, 'penciller (cover)', 1),
(73, 12456, 59555, 'editor', 1),
(74, 1827, 56802, 'penciller', 1),
(75, 3798, 56802, 'penciller', 1),
(76, 199, 56802, 'penciller', 1),
(77, 44, 56802, 'writer', 1),
(78, 8669, 56802, 'writer', 1),
(79, 15, 56802, 'writer', 1),
(80, 4844, 56802, 'writer', 1),
(81, 8363, 56802, 'writer', 1),
(82, 16, 56802, 'penciller (cover)', 1),
(83, 4430, 56802, 'editor', 1),
(84, 2133, 59739, 'editor', 1),
(85, 12376, 59739, 'editor', 1),
(86, 5160, 59739, 'penciller (cover)', 1),
(87, 4953, 21171, 'writer', 1),
(88, 481, 21171, 'artist', 1),
(89, 856, 21171, 'penciller (cover)', 1),
(90, 694, 1308, 'penciller (cover)', 1),
(91, 434, 1308, 'penciller (cover)', 1),
(92, 424, 1308, 'colorist', 1),
(93, 692, 1308, 'inker', 1),
(94, 689, 1308, 'inker', 1),
(95, 6743, 1308, 'inker', 1),
(96, 682, 1308, 'writer', 1),
(97, 326, 1308, 'writer', 1),
(98, 691, 1308, 'penciller', 1),
(99, 688, 1308, 'penciller', 1),
(100, 4430, 27238, 'editor', 1),
(101, 12451, 58584, 'penciller (cover)', 1),
(102, 4300, 58584, 'editor', 1),
(103, 10288, 27649, 'colorist', 1),
(104, 1082, 27649, 'penciller', 1),
(105, 434, 27649, 'penciller', 1),
(106, 536, 27649, 'writer', 1),
(107, 7894, 27649, 'writer', 1),
(108, 106, 25856, 'penciller', 1),
(109, 1827, 25856, 'penciller', 1),
(110, 46, 25856, 'penciller', 1),
(111, 1172, 25856, 'penciller', 1),
(112, 44, 25856, 'writer', 1),
(113, 13769, 25856, 'writer', 1),
(114, 442, 25856, 'other', 1),
(115, 887, 1994, 'writer', 1),
(116, 902, 1994, 'writer', 1),
(117, 903, 1994, 'writer', 1),
(118, 930, 1994, 'writer', 1),
(119, 888, 1994, 'writer', 1),
(120, 897, 1994, 'writer', 1),
(121, 394, 1994, 'writer', 1),
(122, 899, 1994, 'writer', 1),
(123, 896, 1994, 'writer', 1),
(124, 483, 1994, 'penciller (cover)', 1),
(125, 11921, 61137, 'editor', 1),
(126, 12341, 58726, 'editor', 1),
(127, 7190, 58726, 'penciller (cover)', 1),
(128, 2133, 59533, 'editor', 1),
(129, 10785, 59533, 'penciller (cover)', 1),
(130, 1040, 59527, 'penciller (cover)', 1),
(131, 12376, 59527, 'editor', 1),
(132, 87, 59557, 'penciller (cover)', 1),
(133, 12376, 59557, 'editor', 1),
(134, 1364, 15878, 'writer', 1),
(135, 1363, 15878, 'writer', 1),
(136, 1411, 15878, 'penciller (cover)', 1),
(137, 13661, 26620, 'writer', 1),
(138, 512, 26620, 'other', 1),
(139, 452, 26620, 'other', 1),
(140, 10363, 26620, 'other', 1),
(141, 4306, 26620, 'colorist', 1),
(142, 708, 26620, 'inker', 1),
(143, 410, 26620, 'letterer', 1),
(144, 2133, 59754, 'editor', 1),
(145, 3985, 59754, 'penciller (cover)', 1),
(146, 10405, 59927, 'penciller (cover)', 1),
(147, 8822, 59927, 'editor', 1),
(148, 2133, 59181, 'editor', 1),
(149, 12853, 59181, 'penciller (cover)', 1),
(150, 4300, 60015, 'editor', 1),
(151, 12373, 60015, 'penciller (cover)', 1),
(152, 4300, 58587, 'editor', 1),
(153, 272, 58587, 'penciller (cover)', 1),
(154, 887, 1689, 'writer', 1),
(155, 902, 1689, 'writer', 1),
(156, 903, 1689, 'writer', 1),
(157, 888, 1689, 'writer', 1),
(158, 897, 1689, 'writer', 1),
(159, 394, 1689, 'writer', 1),
(160, 900, 1689, 'writer', 1),
(161, 896, 1689, 'writer', 1),
(162, 490, 1689, 'penciller (cover)', 1),
(163, 4300, 59525, 'editor', 1),
(164, 1914, 59525, 'penciller (cover)', 1),
(165, 11575, 59551, 'penciller (cover)', 1),
(166, 4300, 59551, 'editor', 1),
(167, 694, 1749, 'penciller (cover)', 1),
(168, 684, 1749, 'writer', 1),
(169, 887, 2088, 'writer', 1),
(170, 902, 2088, 'writer', 1),
(171, 903, 2088, 'writer', 1),
(172, 888, 2088, 'writer', 1),
(173, 898, 2088, 'writer', 1),
(174, 897, 2088, 'writer', 1),
(175, 899, 2088, 'writer', 1),
(176, 896, 2088, 'writer', 1),
(177, 483, 2088, 'penciller (cover)', 1),
(178, 4600, 59558, 'editor', 1),
(179, 12698, 59558, 'penciller (cover)', 1),
(180, 12464, 59539, 'penciller (cover)', 1),
(181, 4300, 59539, 'editor', 1),
(182, 55, 1003, 'writer', 1),
(183, 56, 1003, 'penciller', 1),
(184, 425, 59560, 'penciller (cover)', 1),
(185, 4300, 59560, 'editor', 1),
(186, 87, 15808, 'penciller (cover)', 1),
(187, 13055, 15808, 'penciller (cover)', 1),
(188, 24, 15808, 'writer', 1),
(189, 4300, 60017, 'editor', 1),
(190, 12373, 60017, 'penciller (cover)', 1),
(191, 600, 323, 'penciller (cover)', 1),
(192, 344, 323, 'writer', 1),
(193, 222, 20956, 'penciller (cover)', 1),
(194, 55, 20956, 'writer', 1),
(195, 5251, 17486, 'letterer', 1),
(196, 1032, 17486, 'letterer', 1),
(197, 1026, 17486, 'penciller', 1),
(198, 536, 17486, 'writer', 1),
(199, 9395, 17486, 'inker', 1),
(200, 5044, 17486, 'penciller (cover)', 1),
(201, 1029, 17486, 'colorist', 1),
(202, 11463, 37376, 'writer', 1),
(203, 73, 37376, 'penciler', 1),
(204, 8822, 94174, 'editor', 1),
(205, 5251, 59189, 'letterer', 1),
(206, 12974, 59189, 'letterer', 1),
(207, 13625, 59189, 'writer', 1),
(208, 10666, 59189, 'writer', 1),
(209, 11743, 59189, 'writer', 1),
(210, 13021, 59189, 'colorist', 1),
(211, 4991, 59189, 'colorist', 1),
(212, 4306, 59189, 'colorist', 1),
(213, 1405, 59189, 'colorist', 1),
(214, 479, 59189, 'colorist', 1),
(215, 12991, 59189, 'colorist', 1),
(216, 362, 59189, 'inker', 1),
(217, 12978, 59189, 'inker', 1),
(218, 11912, 59189, 'inker', 1),
(219, 575, 59189, 'inker', 1),
(220, 3885, 59189, 'inker', 1),
(221, 4074, 59189, 'inker', 1),
(222, 3985, 59189, 'penciler', 1),
(223, 13082, 59189, 'penciler', 1),
(224, 4430, 59189, 'editor', 1),
(225, 329, 75411, 'inker', 1),
(226, 12762, 75411, 'inker', 1),
(227, 495, 75411, 'inker', 1),
(228, 447, 75411, 'inker', 1),
(229, 480, 75411, 'inker', 1),
(230, 1141, 75411, 'penciler', 1),
(231, 72, 75411, 'penciler', 1),
(232, 5251, 75411, 'letterer', 1),
(233, 12581, 75411, 'letterer', 1),
(234, 430, 75411, 'colorist', 1),
(235, 428, 75411, 'colorist', 1),
(236, 12996, 75411, 'colorist', 1),
(237, 4430, 75411, 'editor', 1),
(238, 329, 52246, 'inker', 1),
(239, 11575, 52246, 'penciler (cover)', 1),
(240, 1141, 52246, 'penciler (cover)', 1),
(241, 5251, 52246, 'letterer', 1),
(242, 12581, 52246, 'letterer', 1),
(243, 428, 52246, 'colorist (cover)', 1),
(244, 11765, 52246, 'writer', 1),
(245, 12983, 52246, 'writer', 1),
(246, 10329, 52246, 'writer', 1),
(247, 12996, 52246, 'colorist', 1),
(248, 480, 52246, 'inker (cover)', 1),
(249, 4430, 52246, 'editor', 1),
(250, 12989, 57200, 'colorist', 1),
(251, 13003, 57200, 'colorist', 1),
(252, 10023, 57200, 'writer', 1),
(253, 12581, 57200, 'writer', 1),
(254, 5251, 57200, 'letterer', 1),
(255, 2338, 57200, 'inker', 1),
(256, 4430, 57200, 'editor', 1),
(257, 2, 57074, 'writer', 1),
(258, 13702, 57074, 'inker', 1),
(259, 717, 57074, 'inker', 1),
(260, 527, 57074, 'inker', 1),
(261, 8635, 57074, 'letterer', 1),
(262, 12980, 57074, 'letterer', 1),
(263, 13304, 57074, 'letterer', 1),
(264, 13151, 57074, 'letterer', 1),
(265, 549, 57074, 'penciler', 1),
(266, 49, 57074, 'penciler', 1),
(267, 479, 57074, 'colorist', 1),
(268, 442, 57074, 'colorist', 1),
(269, 4430, 57074, 'editor', 1),
(270, 4430, 93166, 'editor', 1),
(271, 4201, 64143, 'inker', 1),
(272, 14030, 64143, 'inker', 1),
(273, 435, 64143, 'inker', 1),
(274, 1887, 64143, 'letterer', 1),
(275, 1928, 64143, 'letterer', 1),
(276, 1284, 64143, 'letterer', 1),
(277, 13131, 64143, 'letterer', 1),
(278, 1933, 64143, 'letterer', 1),
(279, 8429, 64143, 'letterer', 1),
(280, 1038, 64143, 'colorist', 1),
(281, 1929, 64143, 'colorist', 1),
(282, 2668, 64143, 'colorist', 1),
(283, 6758, 64143, 'colorist', 1),
(284, 2071, 64143, 'colorist', 1),
(285, 1917, 64143, 'colorist', 1),
(286, 658, 64143, 'penciler', 1),
(287, 2124, 64143, 'penciler', 1),
(288, 372, 64143, 'penciler', 1),
(289, 444, 64143, 'penciler', 1),
(290, 146, 64143, 'writer', 1),
(291, 359, 34423, 'inker', 1),
(292, 427, 34423, 'inker', 1),
(293, 12581, 34423, 'letterer', 1),
(294, 774, 34423, 'colorist (cover)', 1),
(295, 4306, 34423, 'colorist', 1),
(296, 8331, 34423, 'colorist', 1),
(297, 479, 34423, 'colorist', 1),
(298, 561, 34423, 'colorist', 1),
(299, 9484, 34423, 'penciler (cover)', 1),
(300, 88, 34423, 'writer', 1),
(301, 471, 34423, 'inker (cover)', 1),
(302, 4430, 34423, 'editor', 1),
(303, 5251, 62264, 'letterer', 1),
(304, 12980, 62264, 'letterer', 1),
(305, 357, 62264, 'inker', 1),
(306, 440, 62264, 'inker', 1),
(307, 497, 62264, 'inker', 1),
(308, 809, 62264, 'inker', 1),
(309, 454, 62264, 'inker', 1),
(310, 471, 62264, 'inker', 1),
(311, 6170, 62264, 'penciler', 1),
(312, 16, 62264, 'penciler', 1),
(313, 358, 62264, 'writer', 1),
(314, 479, 62264, 'colorist', 1),
(315, 360, 62264, 'colorist', 1),
(316, 1117, 62264, 'colorist', 1),
(317, 4430, 62264, 'editor', 1),
(318, 13180, 92203, 'colorist', 1),
(319, 13031, 92203, 'inker', 1),
(320, 12376, 92203, 'editor', 1),
(321, 14138, 92203, 'writer', 1),
(322, 63, 92203, 'painter (cover)', 1),
(323, 12974, 92203, 'letterer', 1),
(324, 13180, 95983, 'colorist', 1),
(325, 13031, 95983, 'inker', 1),
(326, 570, 95983, 'inker (cover)', 1),
(327, 426, 95983, 'colorist (cover)', 1),
(328, 12376, 95983, 'editor', 1),
(329, 14138, 95983, 'writer', 1),
(330, 13196, 95983, 'penciler (cover)', 1),
(331, 12974, 95983, 'letterer', 1),
(332, 648, 95985, 'painter (cover)', 1),
(333, 13180, 95985, 'colorist', 1),
(334, 13031, 95985, 'inker', 1),
(335, 13127, 95985, 'editor', 1),
(336, 14138, 95985, 'writer', 1),
(337, 12974, 95985, 'letterer', 1),
(338, 1827, 84496, 'inker', 1),
(339, 1519, 84496, 'inker', 1),
(340, 13592, 84496, 'inker', 1),
(341, 1256, 84496, 'inker', 1),
(342, 13328, 84496, 'writer', 1),
(343, 30, 84496, 'writer', 1),
(344, 958, 84496, 'writer', 1),
(345, 967, 84496, 'writer', 1),
(346, 962, 84496, 'colorist', 1),
(347, 14063, 84496, 'colorist', 1),
(348, 1872, 84496, 'colorist', 1),
(349, 1832, 84496, 'colorist', 1),
(350, 148, 84496, 'penciler', 1),
(351, 196, 84496, 'penciler', 1),
(352, 791, 84496, 'letterer', 1),
(353, 1759, 84496, 'letterer', 1),
(354, 13093, 84496, 'letterer', 1),
(355, 4430, 84496, 'editor', 1),
(356, 14063, 92256, 'penciler', 1),
(357, 12714, 92256, 'writer', 1),
(358, 11879, 92256, 'editor', 1),
(359, 11680, 92315, 'writer', 1),
(360, 12817, 92315, 'inker', 1),
(361, 12991, 92315, 'colorist', 1),
(362, 12974, 92315, 'letterer', 1),
(363, 8822, 92315, 'editor', 1),
(364, 13679, 92227, 'colorist', 1),
(365, 1190, 92227, 'inker', 1),
(366, 1065, 92227, 'letterer', 1),
(367, 11879, 92227, 'editor', 1),
(368, 7190, 92227, 'writer', 1),
(369, 2133, 90361, 'editor', 1),
(370, 10445, 90361, 'inker (cover)', 1),
(371, 8504, 90361, 'colorist (cover)', 1),
(372, 582, 90361, 'colorist', 1),
(373, 12447, 90361, 'writer', 1),
(374, 5251, 90385, 'letterer', 1),
(375, 12980, 90385, 'letterer', 1),
(376, 13558, 90385, 'penciler', 1),
(377, 735, 90385, 'inker', 1),
(378, 4300, 90385, 'editor', 1),
(379, 13471, 90385, 'writer', 1),
(380, 14265, 90385, 'colorist (cover)', 1),
(381, 13703, 90385, 'penciler (cover)', 1),
(382, 2133, 89677, 'editor', 1),
(383, 13861, 89677, 'writer', 1),
(384, 5251, 89677, 'letterer', 1),
(385, 8504, 89677, 'colorist', 1),
(386, 63, 89677, 'painter (cover)', 1),
(387, 13816, 89677, 'inker', 1),
(388, 13074, 89602, 'inker', 1),
(389, 11748, 89602, 'penciler (cover)', 1),
(390, 10172, 89602, 'letterer', 1),
(391, 942, 89602, 'penciler', 1),
(392, 12457, 89602, 'editor', 1),
(393, 13058, 89602, 'colorist', 1),
(394, 10279, 89602, 'colorist (cover)', 1),
(395, 12494, 89602, 'writer', 1),
(396, 2133, 85586, 'editor', 1),
(397, 13689, 85586, 'inker', 1),
(398, 13861, 85586, 'writer', 1),
(399, 5251, 85586, 'letterer', 1),
(400, 8504, 85586, 'colorist', 1),
(401, 63, 85586, 'painter (cover)', 1),
(402, 2133, 85585, 'editor', 1),
(403, 13689, 85585, 'inker', 1),
(404, 13861, 85585, 'writer', 1),
(405, 5251, 85585, 'letterer', 1),
(406, 8504, 85585, 'colorist', 1),
(407, 63, 85585, 'painter (cover)', 1),
(408, 11875, 90339, 'penciler (cover)', 1),
(409, 5251, 90339, 'letterer', 1),
(410, 13558, 90339, 'colorist', 1),
(411, 12991, 90339, 'colorist', 1),
(412, 774, 90339, 'colorist (cover)', 1),
(413, 4300, 90339, 'editor', 1),
(414, 13471, 90339, 'writer', 1),
(415, 10061, 90339, 'inker', 1),
(416, 11401, 90521, 'penciller', 1),
(417, 105, 90521, 'penciller', 1),
(418, 3555, 90521, 'penciller', 1),
(419, 1967, 90521, 'penciller', 1),
(420, 8264, 90521, 'penciller', 1),
(421, 957, 90521, 'penciller', 1),
(422, 12208, 90521, 'penciller (cover)', 1),
(423, 144, 90521, 'writer', 1),
(424, 4430, 90521, 'editor', 1),
(425, 2133, 85584, 'editor', 1),
(426, 13861, 85584, 'writer', 1),
(427, 5251, 85584, 'letterer', 1),
(428, 8504, 85584, 'colorist', 1),
(429, 63, 85584, 'painter (cover)', 1),
(430, 13816, 85584, 'inker', 1),
(431, 2133, 85583, 'editor', 1),
(432, 13689, 85583, 'inker', 1),
(433, 13861, 85583, 'writer', 1),
(434, 5251, 85583, 'letterer', 1),
(435, 8504, 85583, 'colorist', 1),
(436, 63, 85583, 'painter (cover)', 1),
(437, 2133, 85582, 'editor', 1),
(438, 13689, 85582, 'inker', 1),
(439, 13861, 85582, 'writer', 1),
(440, 5251, 85582, 'letterer', 1),
(441, 8504, 85582, 'colorist', 1),
(442, 63, 85582, 'painter (cover)', 1),
(443, 2133, 85581, 'editor', 1),
(444, 13689, 85581, 'inker', 1),
(445, 13861, 85581, 'writer', 1),
(446, 5251, 85581, 'letterer', 1),
(447, 8504, 85581, 'colorist', 1),
(448, 2133, 91755, 'editor', 1),
(449, 13861, 91755, 'writer', 1),
(450, 12239, 91755, 'colorist (cover)', 1),
(451, 12993, 91755, 'letterer', 1),
(452, 11757, 91755, 'penciler (cover)', 1),
(453, 2133, 85580, 'editor', 1),
(454, 13689, 85580, 'inker', 1),
(455, 13861, 85580, 'writer', 1),
(456, 5251, 85580, 'letterer', 1),
(457, 8504, 85580, 'colorist', 1),
(458, 63, 85580, 'painter (cover)', 1),
(459, 2133, 78359, 'editor', 1),
(460, 1231, 78359, 'writer', 1),
(461, 13940, 78359, 'writer', 1),
(462, 9937, 78359, 'colorist', 1),
(463, 338, 78359, 'penciler', 1),
(464, 14075, 78359, 'letterer', 1),
(465, 527, 78359, 'inker', 1),
(466, 63, 78359, 'painter (cover)', 1),
(467, 13870, 93469, 'penciller (cover)', 1),
(468, 12838, 93469, 'writer', 1),
(469, 2133, 85579, 'editor', 1),
(470, 13689, 85579, 'inker', 1),
(471, 13861, 85579, 'writer', 1),
(472, 5251, 85579, 'letterer', 1),
(473, 8504, 85579, 'colorist', 1),
(474, 63, 85579, 'painter (cover)', 1),
(475, 2133, 85578, 'editor', 1),
(476, 13689, 85578, 'inker', 1),
(477, 13861, 85578, 'writer', 1),
(478, 5251, 85578, 'letterer', 1),
(479, 8504, 85578, 'colorist', 1),
(480, 63, 85578, 'painter (cover)', 1),
(481, 13180, 76360, 'colorist', 1),
(482, 5251, 76360, 'letterer', 1),
(483, 5105, 76360, 'inker', 1),
(484, 13924, 76360, 'penciler (cover)', 1),
(485, 536, 76360, 'writer', 1),
(486, 13917, 76360, 'writer', 1),
(487, 4600, 76360, 'editor', 1),
(488, 12712, 78634, 'writer', 1),
(489, 6170, 78634, 'penciler (cover)', 1),
(490, 12979, 78634, 'inker', 1),
(491, 4306, 78634, 'colorist (cover)', 1),
(492, 12376, 78634, 'editor', 1),
(493, 12974, 78634, 'letterer', 1),
(494, 10279, 78634, 'colorist', 1),
(495, 586, 90052, 'colorist', 1),
(496, 4430, 90052, 'editor', 1),
(497, 11748, 77132, 'penciler (cover)', 1),
(498, 10172, 77132, 'letterer', 1),
(499, 13676, 77132, 'colorist', 1),
(500, 12457, 77132, 'editor', 1),
(501, 13602, 77132, 'penciler', 1),
(502, 447, 77132, 'inker', 1),
(503, 13003, 77132, 'colorist (cover)', 1),
(504, 12494, 77132, 'writer', 1),
(505, 2133, 85577, 'editor', 1),
(506, 13689, 85577, 'inker', 1),
(507, 13861, 85577, 'writer', 1),
(508, 5251, 85577, 'letterer', 1),
(509, 8504, 85577, 'colorist', 1),
(510, 63, 85577, 'painter (cover)', 1),
(511, 12712, 78633, 'writer', 1),
(512, 6170, 78633, 'penciler (cover)', 1),
(513, 12979, 78633, 'inker', 1),
(514, 4306, 78633, 'colorist (cover)', 1),
(515, 12376, 78633, 'editor', 1),
(516, 12974, 78633, 'letterer', 1),
(517, 10279, 78633, 'colorist', 1),
(518, 13180, 76359, 'colorist', 1),
(519, 5251, 76359, 'letterer', 1),
(520, 12798, 76359, 'writer', 1),
(521, 536, 76359, 'writer', 1),
(522, 5105, 76359, 'inker', 1),
(523, 13924, 76359, 'penciler (cover)', 1),
(524, 4600, 76359, 'editor', 1),
(525, 13068, 76163, 'penciler (cover)', 1),
(526, 12985, 76163, 'letterer', 1),
(527, 4300, 76163, 'editor', 1),
(528, 13471, 76163, 'writer', 1),
(529, 582, 76163, 'colorist', 1),
(530, 13157, 76163, 'colorist (cover)', 1),
(531, 13276, 76163, 'inker', 1),
(532, 2133, 80464, 'editor', 1),
(533, 5251, 80464, 'letterer', 1),
(534, 11765, 80464, 'writer', 1),
(535, 12983, 80464, 'writer', 1),
(536, 11976, 80464, 'penciler (cover)', 1),
(537, 10445, 85662, 'penciler', 1),
(538, 10172, 85662, 'letterer', 1),
(539, 12974, 85662, 'letterer', 1),
(540, 872, 85662, 'colorist (cover)', 1),
(541, 11743, 85662, 'writer', 1),
(542, 12447, 85662, 'writer', 1),
(543, 11947, 85662, 'penciler (cover)', 1),
(544, 582, 85662, 'colorist', 1),
(545, 8822, 85662, 'editor', 1),
(546, 13068, 76162, 'penciler (cover)', 1),
(547, 12985, 76162, 'letterer', 1),
(548, 4300, 76162, 'editor', 1),
(549, 13471, 76162, 'writer', 1),
(550, 582, 76162, 'colorist', 1),
(551, 13072, 76162, 'colorist (cover)', 1),
(552, 13276, 76162, 'inker', 1),
(553, 1827, 84567, 'penciller', 1),
(554, 1247, 84567, 'penciller (cover)', 1),
(555, 2784, 84567, 'writer', 1),
(556, 4430, 84567, 'editor', 1),
(557, 2133, 80459, 'editor', 1),
(558, 5251, 80459, 'letterer', 1),
(559, 11765, 80459, 'writer', 1),
(560, 12983, 80459, 'writer', 1),
(561, 11976, 80459, 'penciler (cover)', 1),
(562, 11765, 84518, 'writer', 1),
(563, 12983, 84518, 'writer', 1),
(564, 11976, 84518, 'penciller (cover)', 1),
(565, 305, 84097, 'penciller (cover)', 1),
(566, 30, 84097, 'writer', 1),
(567, 4430, 84097, 'editor', 1),
(568, 297, 83481, 'other', 1),
(569, 1245, 83481, 'writer', 1),
(570, 148, 83481, 'penciller (cover)', 1),
(571, 1183, 83481, 'penciller', 1),
(572, 4430, 83481, 'editor', 1),
(573, 2133, 79899, 'editor', 1),
(574, 5251, 79899, 'letterer', 1),
(575, 430, 79899, 'colorist', 1),
(576, 13250, 79899, 'colorist (cover)', 1),
(577, 11765, 79899, 'writer', 1),
(578, 12983, 79899, 'writer', 1),
(579, 12373, 79899, 'penciler (cover)', 1),
(580, 13540, 79899, 'inker', 1),
(581, 808, 46223, 'writer', 1),
(582, 1369, 46223, 'penciller', 1),
(583, 11488, 46223, 'penciller (cover)', 1),
(584, 4430, 46223, 'editor', 1),
(585, 12313, 79478, 'editor', 1),
(586, 4150, 79478, 'inker', 1),
(587, 13043, 79478, 'penciler (cover)', 1),
(588, 12390, 79478, 'writer', 1),
(589, 676, 76056, 'writer', 1),
(590, 436, 76056, 'penciller (cover)', 1),
(591, 4430, 76056, 'editor', 1),
(592, 1231, 70796, 'writer', 1),
(593, 519, 70796, 'writer', 1),
(594, 12983, 70796, 'writer', 1),
(595, 958, 70796, 'writer', 1),
(596, 12390, 70796, 'writer', 1),
(597, 4039, 70796, 'penciller', 1),
(598, 174, 70796, 'penciller', 1),
(599, 2306, 70796, 'penciller', 1),
(600, 1247, 70796, 'penciller', 1),
(601, 1163, 70796, 'penciller', 1),
(602, 11912, 70796, 'penciller', 1),
(603, 12822, 70796, 'penciller', 1),
(604, 12373, 70796, 'penciller (cover)', 1),
(605, 4430, 70796, 'editor', 1),
(606, 1231, 78489, 'writer', 1),
(607, 1247, 78489, 'writer', 1),
(608, 13059, 78489, 'writer', 1),
(609, 2784, 78489, 'writer', 1),
(610, 174, 78489, 'penciller', 1),
(611, 1428, 78489, 'penciller', 1),
(612, 13701, 78489, 'penciller', 1),
(613, 4330, 78489, 'penciller', 1),
(614, 11610, 78489, 'penciller (cover)', 1),
(615, 4430, 78489, 'editor', 1),
(616, 2133, 79897, 'editor', 1),
(617, 5251, 79897, 'letterer', 1),
(618, 430, 79897, 'colorist', 1),
(619, 11765, 79897, 'writer', 1),
(620, 12983, 79897, 'writer', 1),
(621, 12390, 79897, 'writer', 1),
(622, 12373, 79897, 'penciler (cover)', 1),
(623, 13540, 79897, 'inker', 1),
(624, 2133, 70800, 'editor', 1),
(625, 5251, 70800, 'letterer', 1),
(626, 430, 70800, 'colorist', 1),
(627, 12373, 70800, 'penciler (cover)', 1),
(628, 11912, 70800, 'inker', 1),
(629, 12983, 70800, 'writer', 1),
(630, 12390, 70800, 'writer', 1),
(631, 13526, 71222, 'inker', 1),
(632, 12464, 71222, 'penciler (cover)', 1),
(633, 12993, 71222, 'letterer', 1),
(634, 12376, 71222, 'editor', 1),
(635, 12465, 71222, 'writer', 1),
(636, 9329, 71222, 'colorist', 1),
(637, 436, 76191, 'penciller (cover)', 1),
(638, 10363, 76191, 'writer', 1),
(639, 4430, 76191, 'editor', 1),
(640, 13081, 75477, 'writer', 1),
(641, 5251, 75477, 'letterer', 1),
(642, 12996, 75477, 'colorist', 1),
(643, 13631, 75477, 'penciler', 1),
(644, 13531, 75477, 'penciler (cover)', 1),
(645, 13046, 75477, 'editor', 1),
(646, 413, 75477, 'inker', 1),
(647, 2133, 70799, 'editor', 1),
(648, 5251, 70799, 'letterer', 1),
(649, 430, 70799, 'colorist', 1),
(650, 13540, 70799, 'penciler', 1),
(651, 12856, 70799, 'inker', 1),
(652, 9364, 70799, 'penciler (cover)', 1),
(653, 12983, 70799, 'writer', 1),
(654, 12390, 70799, 'writer', 1),
(655, 12998, 78444, 'inker', 1),
(656, 10172, 78444, 'letterer', 1),
(657, 13021, 78444, 'colorist', 1),
(658, 13270, 78444, 'writer', 1),
(659, 12376, 78444, 'editor', 1),
(660, 13585, 78444, 'penciler (cover)', 1),
(661, 12208, 74786, 'penciler (cover)', 1),
(662, 13180, 74786, 'colorist (cover)', 1),
(663, 5251, 74786, 'letterer', 1),
(664, 8504, 74786, 'colorist', 1),
(665, 593, 74786, 'colorist', 1),
(666, 12465, 74786, 'writer', 1),
(667, 13881, 74786, 'writer', 1),
(668, 12371, 74786, 'writer', 1),
(669, 9364, 74786, 'penciler', 1),
(670, 7413, 74786, 'penciler', 1),
(671, 10124, 74786, 'penciler', 1),
(672, 13597, 74786, 'inker', 1),
(673, 8822, 74786, 'editor', 1),
(674, 2133, 70798, 'editor', 1),
(675, 5251, 70798, 'letterer', 1),
(676, 430, 70798, 'colorist', 1),
(677, 13138, 70798, 'penciler (cover)', 1),
(678, 11912, 70798, 'inker', 1),
(679, 12983, 70798, 'writer', 1),
(680, 12390, 70798, 'writer', 1),
(681, 13225, 74769, 'penciler', 1),
(682, 12986, 74769, 'colorist', 1),
(683, 2133, 74769, 'editor', 1),
(684, 13137, 74769, 'writer', 1),
(685, 12494, 74769, 'writer', 1),
(686, 13645, 74769, 'colorist (cover)', 1),
(687, 2697, 74769, 'penciler (cover)', 1),
(688, 12993, 74769, 'letterer', 1),
(689, 1005, 74769, 'inker', 1),
(690, 12373, 69960, 'penciller (cover)', 1),
(691, 11912, 69960, 'penciller', 1),
(692, 12983, 69960, 'writer', 1),
(693, 12838, 69960, 'writer', 1),
(694, 4430, 69960, 'editor', 1),
(695, 1148, 75392, 'penciller (cover)', 1),
(696, 4349, 75392, 'penciller (cover)', 1),
(697, 10581, 75392, 'colorist (cover)', 1),
(698, 571, 75392, 'penciller', 1),
(699, 1335, 75392, 'penciller', 1),
(700, 18, 75392, 'writer', 1),
(701, 4430, 75392, 'editor', 1),
(702, 2133, 70797, 'editor', 1),
(703, 5251, 70797, 'letterer', 1),
(704, 430, 70797, 'colorist', 1),
(705, 12373, 70797, 'penciler (cover)', 1),
(706, 519, 70797, 'writer', 1),
(707, 12822, 70797, 'inker', 1),
(708, 2133, 69970, 'editor', 1),
(709, 5251, 69970, 'letterer', 1),
(710, 430, 69970, 'colorist', 1),
(711, 12373, 69970, 'penciler (cover)', 1),
(712, 519, 69970, 'writer', 1),
(713, 12822, 69970, 'inker', 1),
(714, 2133, 69969, 'editor', 1),
(715, 5251, 69969, 'letterer', 1),
(716, 430, 69969, 'colorist', 1),
(717, 12373, 69969, 'penciler (cover)', 1),
(718, 11912, 69969, 'inker', 1),
(719, 12983, 69969, 'writer', 1),
(720, 12390, 69969, 'writer', 1),
(721, 13069, 75200, 'painter (cover)', 1),
(722, 1289, 75200, 'writer', 1),
(723, 1247, 75200, 'writer', 1),
(724, 30, 75200, 'writer', 1),
(725, 945, 75200, 'writer', 1),
(726, 2784, 75200, 'writer', 1),
(727, 305, 75200, 'penciller', 1),
(728, 13196, 75200, 'penciller', 1),
(729, 4430, 75200, 'editor', 1),
(730, 11401, 75181, 'penciller', 1),
(731, 10666, 75181, 'writer', 1),
(732, 13100, 75181, 'writer', 1),
(733, 1901, 75181, 'penciller (cover)', 1),
(734, 4430, 75181, 'editor', 1),
(735, 9799, 75458, 'inker', 1),
(736, 12239, 75458, 'colorist (cover)', 1),
(737, 13167, 75458, 'editor', 1),
(738, 12489, 75458, 'penciler (cover)', 1),
(739, 519, 75458, 'writer', 1),
(740, 11401, 73666, 'penciller', 1),
(741, 174, 73666, 'penciller (cover)', 1),
(742, 4430, 73666, 'editor', 1),
(743, 1709, 73918, 'penciller', 1),
(744, 1178, 73918, 'writer', 1),
(745, 1183, 73918, 'penciller (cover)', 1),
(746, 4430, 73918, 'editor', 1),
(747, 2133, 69968, 'editor', 1),
(748, 5251, 69968, 'letterer', 1),
(749, 430, 69968, 'colorist', 1),
(750, 12373, 69968, 'penciler (cover)', 1),
(751, 11912, 69968, 'inker', 1),
(752, 12983, 69968, 'writer', 1),
(753, 1132, 73862, 'writer', 1),
(754, 11757, 73862, 'penciller (cover)', 1),
(755, 4430, 73862, 'editor', 1),
(756, 2133, 69967, 'editor', 1),
(757, 5251, 69967, 'letterer', 1),
(758, 430, 69967, 'colorist', 1),
(759, 12373, 69967, 'penciler (cover)', 1),
(760, 11912, 69967, 'inker', 1),
(761, 12983, 69967, 'writer', 1),
(762, 12390, 69967, 'writer', 1),
(763, 12822, 69967, 'penciler', 1),
(764, 11401, 73917, 'writer', 1),
(765, 1247, 73917, 'penciller (cover)', 1),
(766, 4430, 73917, 'editor', 1),
(767, 12989, 71799, 'colorist', 1),
(768, 12376, 71799, 'editor', 1),
(769, 13208, 71799, 'writer', 1),
(770, 12825, 71799, 'inker', 1),
(771, 12974, 71799, 'letterer', 1),
(772, 13079, 71799, 'penciler (cover)', 1),
(773, 11401, 71288, 'penciller', 1),
(774, 72, 71288, 'penciller (cover)', 1),
(775, 4430, 71288, 'editor', 1),
(776, 2133, 69966, 'editor', 1),
(777, 5251, 69966, 'letterer', 1),
(778, 430, 69966, 'colorist', 1),
(779, 12373, 69966, 'penciler (cover)', 1),
(780, 11912, 69966, 'inker', 1),
(781, 12983, 69966, 'writer', 1),
(782, 2133, 69965, 'editor', 1),
(783, 5251, 69965, 'letterer', 1),
(784, 430, 69965, 'colorist', 1),
(785, 12373, 69965, 'penciler (cover)', 1),
(786, 11912, 69965, 'inker', 1),
(787, 12983, 69965, 'writer', 1),
(788, 12838, 69965, 'writer', 1),
(789, 13283, 69958, 'penciller', 1),
(790, 11912, 69958, 'penciller', 1),
(791, 12373, 69958, 'penciller (cover)', 1),
(792, 12983, 69958, 'writer', 1),
(793, 4430, 69958, 'editor', 1),
(794, 13526, 69907, 'inker', 1),
(795, 12464, 69907, 'penciler (cover)', 1),
(796, 12993, 69907, 'letterer', 1),
(797, 12376, 69907, 'editor', 1),
(798, 12465, 69907, 'writer', 1),
(799, 9329, 69907, 'colorist', 1),
(800, 425, 68580, 'penciller (cover)', 1),
(801, 11610, 68580, 'penciller', 1),
(802, 12489, 68580, 'penciller', 1),
(803, 7413, 68580, 'penciller', 1),
(804, 12371, 68580, 'writer', 1),
(805, 12447, 68580, 'writer', 1),
(806, 4430, 68580, 'editor', 1),
(807, 2133, 69964, 'editor', 1),
(808, 5251, 69964, 'letterer', 1),
(809, 430, 69964, 'colorist', 1),
(810, 12373, 69964, 'penciler (cover)', 1),
(811, 11912, 69964, 'inker', 1),
(812, 12983, 69964, 'writer', 1),
(813, 12838, 69964, 'writer', 1),
(814, 13526, 69906, 'inker', 1),
(815, 12464, 69906, 'penciler (cover)', 1),
(816, 12993, 69906, 'letterer', 1),
(817, 12376, 69906, 'editor', 1),
(818, 12465, 69906, 'writer', 1),
(819, 9329, 69906, 'colorist', 1),
(820, 2133, 69963, 'editor', 1),
(821, 5251, 69963, 'letterer', 1),
(822, 430, 69963, 'colorist', 1),
(823, 13283, 69963, 'inker', 1),
(824, 12373, 69963, 'penciler (cover)', 1),
(825, 12983, 69963, 'writer', 1),
(826, 11401, 70300, 'writer', 1),
(827, 954, 70300, 'writer', 1),
(828, 1177, 70300, 'writer', 1),
(829, 13769, 70300, 'writer', 1),
(830, 2784, 70300, 'writer', 1),
(831, 1167, 70300, 'penciller', 1),
(832, 105, 70300, 'penciller', 1),
(833, 1353, 70300, 'penciller', 1),
(834, 389, 70300, 'penciller', 1),
(835, 199, 70300, 'penciller', 1),
(836, 1827, 70300, 'penciller (cover)', 1),
(837, 4430, 70300, 'editor', 1),
(838, 11401, 68968, 'writer', 1),
(839, 8168, 68968, 'writer', 1),
(840, 3374, 68968, 'penciller', 1),
(841, 105, 68968, 'penciller', 1),
(842, 199, 68968, 'penciller', 1),
(843, 1183, 68968, 'penciller', 1),
(844, 7935, 68968, 'colorist (cover)', 1),
(845, 435, 68968, 'penciller (cover)', 1),
(846, 1283, 68968, 'colorist', 1),
(847, 4430, 68968, 'editor', 1),
(848, 2133, 69962, 'editor', 1),
(849, 5251, 69962, 'letterer', 1),
(850, 430, 69962, 'colorist', 1),
(851, 12373, 69962, 'penciler (cover)', 1),
(852, 11912, 69962, 'inker', 1),
(853, 12983, 69962, 'writer', 1),
(854, 11463, 67763, 'writer', 1),
(855, 2133, 67763, 'editor', 1),
(856, 13021, 67763, 'colorist (cover)', 1),
(857, 649, 67763, 'penciler (cover)', 1),
(858, 208, 67763, 'penciler', 1),
(859, 454, 67763, 'inker', 1),
(860, 413, 67763, 'inker', 1),
(861, 12980, 67763, 'letterer', 1),
(862, 87, 68543, 'penciller', 1),
(863, 2338, 68543, 'penciller', 1),
(864, 11680, 68543, 'writer', 1),
(865, 119, 68543, 'writer', 1),
(866, 4430, 68543, 'editor', 1),
(867, 7639, 69518, 'writer', 1),
(868, 5022, 69518, 'inker (cover)', 1),
(869, 935, 69518, 'inker', 1),
(870, 12991, 69518, 'colorist', 1),
(871, 350, 69518, 'letterer', 1),
(872, 13133, 69518, 'editor', 1),
(873, 2133, 69961, 'editor', 1),
(874, 5251, 69961, 'letterer', 1),
(875, 430, 69961, 'colorist', 1),
(876, 12991, 69961, 'colorist', 1),
(877, 12373, 69961, 'penciler (cover)', 1),
(878, 11912, 69961, 'inker', 1),
(879, 12983, 69961, 'writer', 1),
(880, 13074, 68586, 'inker', 1),
(881, 1141, 68586, 'penciler (cover)', 1),
(882, 12239, 68586, 'colorist', 1),
(883, 12978, 68586, 'inker (cover)', 1),
(884, 12974, 68586, 'letterer', 1),
(885, 12489, 68586, 'penciler', 1),
(886, 832, 68586, 'colorist (cover)', 1),
(887, 12447, 68586, 'writer', 1),
(888, 8822, 68586, 'editor', 1),
(889, 600, 69853, 'penciler (cover)', 1),
(890, 593, 69853, 'colorist', 1),
(891, 12980, 69853, 'letterer', 1),
(892, 12771, 69853, 'writer', 1),
(893, 11921, 69853, 'editor', 1),
(894, 13236, 69853, 'inker', 1),
(895, 2133, 69959, 'editor', 1),
(896, 5251, 69959, 'letterer', 1),
(897, 430, 69959, 'colorist', 1),
(898, 12373, 69959, 'penciler (cover)', 1),
(899, 11912, 69959, 'inker', 1),
(900, 12983, 69959, 'writer', 1),
(901, 13074, 68584, 'inker', 1),
(902, 1141, 68584, 'penciler (cover)', 1),
(903, 12239, 68584, 'colorist', 1),
(904, 12978, 68584, 'inker (cover)', 1),
(905, 12974, 68584, 'letterer', 1),
(906, 12489, 68584, 'penciler', 1),
(907, 12447, 68584, 'writer', 1),
(908, 442, 68584, 'colorist (cover)', 1),
(909, 8822, 68584, 'editor', 1),
(910, 11463, 68397, 'writer', 1),
(911, 24, 68397, 'writer', 1),
(912, 10023, 68397, 'writer', 1),
(913, 536, 68397, 'writer', 1),
(914, 11434, 68397, 'writer', 1),
(915, 12948, 68397, 'writer', 1),
(916, 12447, 68397, 'writer', 1),
(917, 9018, 68397, 'penciller', 1),
(918, 11798, 68397, 'penciller', 1),
(919, 9233, 68397, 'penciller', 1),
(920, 9286, 68397, 'penciller', 1),
(921, 12489, 68397, 'penciller', 1),
(922, 63, 68397, 'penciller (cover)', 1),
(923, 4430, 68397, 'editor', 1),
(924, 1887, 70544, 'letterer', 1),
(925, 1864, 70544, 'colorist', 1),
(926, 259, 70544, 'editor', 1),
(927, 4430, 70544, 'editor', 1),
(928, 1247, 70544, 'penciller (cover)', 1),
(929, 2784, 70544, 'writer', 1),
(930, 2133, 69957, 'editor', 1),
(931, 5251, 69957, 'letterer', 1),
(932, 430, 69957, 'colorist', 1),
(933, 12373, 69957, 'penciler (cover)', 1),
(934, 11912, 69957, 'inker', 1),
(935, 12983, 69957, 'writer', 1),
(936, 11401, 70061, 'penciller (cover)', 1),
(937, 87, 70061, 'penciller', 1),
(938, 658, 70061, 'penciller', 1),
(939, 1163, 70061, 'penciller', 1),
(940, 13292, 70061, 'penciller', 1),
(941, 13262, 70061, 'writer', 1),
(942, 6901, 70061, 'writer', 1),
(943, 2784, 70061, 'writer', 1),
(944, 1863, 70061, 'writer', 1),
(945, 13100, 70061, 'writer', 1),
(946, 4430, 70061, 'editor', 1),
(947, 24, 67351, 'writer', 1),
(948, 1133, 67351, 'penciller (cover)', 1),
(949, 4430, 67351, 'editor', 1),
(950, 7639, 69513, 'writer', 1),
(951, 5022, 69513, 'inker (cover)', 1),
(952, 935, 69513, 'inker', 1),
(953, 12991, 69513, 'colorist', 1),
(954, 350, 69513, 'letterer', 1),
(955, 13133, 69513, 'editor', 1),
(956, 1004, 67350, 'colorist', 1),
(957, 24, 67350, 'writer', 1),
(958, 2133, 67350, 'editor', 1),
(959, 1133, 67350, 'penciler', 1),
(960, 10172, 67350, 'letterer', 1),
(961, 430, 67350, 'colorist (cover)', 1),
(962, 11610, 67350, 'inker', 1),
(963, 3985, 67350, 'penciler (cover)', 1),
(964, 3885, 67350, 'inker (cover)', 1),
(965, 11463, 67311, 'writer', 1),
(966, 2133, 67311, 'editor', 1),
(967, 13021, 67311, 'colorist', 1),
(968, 616, 67311, 'inker', 1),
(969, 649, 67311, 'penciler (cover)', 1),
(970, 454, 67311, 'inker (cover)', 1),
(971, 12980, 67311, 'letterer', 1),
(972, 360, 67311, 'colorist (cover)', 1),
(973, 1236, 68430, 'writer', 1),
(974, 1293, 68430, 'writer', 1),
(975, 259, 68430, 'writer', 1),
(976, 1282, 68430, 'writer', 1),
(977, 13769, 68430, 'writer', 1),
(978, 223, 68430, 'writer', 1),
(979, 271, 68430, 'writer', 1),
(980, 1272, 68430, 'penciller', 1),
(981, 1315, 68430, 'penciller', 1),
(982, 1260, 68430, 'penciller', 1),
(983, 964, 68430, 'penciller', 1),
(984, 968, 68430, 'penciller', 1),
(985, 26, 68430, 'penciller', 1),
(986, 148, 68430, 'penciller (cover)', 1),
(987, 4430, 68430, 'editor', 1),
(988, 11482, 67341, 'colorist', 1),
(989, 13074, 67341, 'inker', 1),
(990, 12489, 67341, 'inker', 1),
(991, 872, 67341, 'colorist (cover)', 1),
(992, 425, 67341, 'penciler (cover)', 1),
(993, 616, 67341, 'inker (cover)', 1),
(994, 12974, 67341, 'letterer', 1),
(995, 12447, 67341, 'writer', 1),
(996, 8822, 67341, 'editor', 1),
(997, 14051, 92801, 'writer', 1),
(998, 13033, 92801, 'inker', 1),
(999, 12974, 92801, 'letterer', 1),
(1000, 13005, 92801, 'colorist', 1),
(1001, 13046, 92801, 'editor', 1),
(1002, 13679, 92226, 'colorist (cover)', 1),
(1003, 1190, 92226, 'inker (cover)', 1),
(1004, 1065, 92226, 'letterer', 1),
(1005, 11879, 92226, 'editor', 1),
(1006, 7190, 92226, 'writer', 1),
(1007, 14051, 92802, 'writer', 1),
(1008, 13033, 92802, 'inker', 1),
(1009, 12974, 92802, 'letterer', 1),
(1010, 13005, 92802, 'colorist', 1),
(1011, 13046, 92802, 'editor', 1),
(1012, 13625, 77231, 'writer', 1),
(1013, 820, 77231, 'penciller', 1),
(1014, 63, 77231, 'penciller (cover)', 1),
(1015, 4430, 77231, 'editor', 1),
(1016, 191, 71246, 'penciler (cover)', 1),
(1017, 2133, 71246, 'editor', 1),
(1018, 12974, 71246, 'letterer', 1),
(1019, 14129, 93308, 'writer', 1),
(1020, 13861, 93308, 'writer', 1),
(1021, 5251, 93308, 'letterer', 1),
(1022, 14134, 93308, 'penciler', 1),
(1023, 3646, 93308, 'penciler', 1),
(1024, 1405, 93308, 'colorist', 1),
(1025, 1369, 93308, 'penciler (cover)', 1),
(1026, 12978, 93308, 'inker', 1),
(1027, 13046, 93308, 'editor', 1),
(1028, 211, 93792, 'penciler', 1),
(1029, 1827, 93792, 'penciler', 1),
(1030, 180, 93792, 'penciler', 1),
(1031, 1901, 93792, 'penciler', 1),
(1032, 1887, 93792, 'letterer', 1),
(1033, 13131, 93792, 'letterer', 1),
(1034, 1933, 93792, 'letterer', 1),
(1035, 1894, 93792, 'letterer', 1),
(1036, 1759, 93792, 'letterer', 1),
(1037, 1172, 93792, 'inker', 1),
(1038, 13094, 93792, 'inker', 1),
(1039, 13345, 93792, 'inker', 1),
(1040, 435, 93792, 'inker', 1),
(1041, 259, 93792, 'writer', 1),
(1042, 1247, 93792, 'writer', 1),
(1043, 2784, 93792, 'writer', 1),
(1044, 13100, 93792, 'writer', 1),
(1045, 1832, 93792, 'colorist', 1),
(1046, 5237, 93792, 'colorist', 1),
(1047, 2056, 93792, 'colorist', 1),
(1048, 12765, 93307, 'inker', 1),
(1049, 13861, 93307, 'writer', 1),
(1050, 14224, 93307, 'writer', 1),
(1051, 5251, 93307, 'letterer', 1),
(1052, 3646, 93307, 'penciler', 1),
(1053, 1405, 93307, 'colorist', 1),
(1054, 1369, 93307, 'penciler (cover)', 1),
(1055, 13046, 93307, 'editor', 1),
(1056, 191, 71245, 'penciler (cover)', 1),
(1057, 2133, 71245, 'editor', 1),
(1058, 12974, 71245, 'letterer', 1),
(1059, 13141, 89735, 'penciler', 1),
(1060, 12712, 89735, 'writer', 1),
(1061, 6170, 89735, 'penciler (cover)', 1),
(1062, 13174, 89735, 'inker', 1),
(1063, 10124, 89735, 'inker', 1),
(1064, 4306, 89735, 'colorist (cover)', 1),
(1065, 10279, 89735, 'colorist (cover)', 1),
(1066, 12376, 89735, 'editor', 1),
(1067, 12974, 89735, 'letterer', 1),
(1068, 2133, 89545, 'editor', 1),
(1069, 5251, 89545, 'letterer', 1),
(1070, 13625, 89545, 'writer', 1),
(1071, 820, 89545, 'penciler', 1),
(1072, 1405, 89545, 'colorist', 1),
(1073, 63, 89545, 'painter (cover)', 1),
(1074, 13518, 93328, 'colorist', 1),
(1075, 11579, 93328, 'colorist (cover)', 1),
(1076, 12993, 93328, 'letterer', 1),
(1077, 13932, 93328, 'inker', 1),
(1078, 13027, 93328, 'editor', 1),
(1079, 14041, 93328, 'writer', 1),
(1080, 758, 93328, 'penciler (cover)', 1),
(1081, 12712, 85496, 'writer', 1),
(1082, 10172, 85496, 'letterer', 1),
(1083, 426, 85496, 'colorist', 1),
(1084, 4991, 85496, 'colorist', 1),
(1085, 13260, 85496, 'inker', 1),
(1086, 1156, 85496, 'penciler', 1),
(1087, 4430, 85496, 'editor', 1),
(1088, 12998, 93306, 'inker', 1),
(1089, 13861, 93306, 'writer', 1),
(1090, 13756, 93306, 'writer', 1),
(1091, 5251, 93306, 'letterer', 1),
(1092, 3646, 93306, 'penciler', 1),
(1093, 1405, 93306, 'colorist', 1),
(1094, 63, 93306, 'painter (cover)', 1),
(1095, 13046, 93306, 'editor', 1),
(1096, 13100, 93793, 'writer', 1),
(1097, 4430, 93793, 'editor', 1),
(1098, 5251, 90333, 'letterer', 1),
(1099, 10108, 90333, 'inker', 1),
(1100, 11680, 90333, 'writer', 1),
(1101, 13471, 90333, 'writer', 1),
(1102, 13558, 90333, 'colorist', 1),
(1103, 13008, 90333, 'colorist', 1),
(1104, 8003, 90333, 'penciler (cover)', 1),
(1105, 8822, 90333, 'editor', 1),
(1106, 2133, 89544, 'editor', 1),
(1107, 5251, 89544, 'letterer', 1),
(1108, 13625, 89544, 'writer', 1),
(1109, 820, 89544, 'inker', 1),
(1110, 1405, 89544, 'colorist', 1),
(1111, 63, 89544, 'painter (cover)', 1),
(1112, 2133, 89543, 'editor', 1),
(1113, 5251, 89543, 'letterer', 1),
(1114, 13625, 89543, 'writer', 1),
(1115, 820, 89543, 'inker', 1),
(1116, 1405, 89543, 'colorist', 1),
(1117, 63, 89543, 'painter (cover)', 1),
(1118, 1004, 92166, 'inker', 1),
(1119, 87, 92166, 'inker', 1),
(1120, 13031, 92166, 'inker', 1),
(1121, 12385, 92166, 'inker', 1),
(1122, 13106, 92166, 'inker', 1),
(1123, 357, 92166, 'inker', 1),
(1124, 592, 92166, 'inker', 1),
(1125, 13247, 92166, 'inker', 1),
(1126, 9018, 92166, 'penciler', 1),
(1127, 506, 92166, 'penciler', 1),
(1128, 12765, 92166, 'penciler', 1),
(1129, 9998, 92166, 'penciler', 1),
(1130, 162, 92166, 'penciler', 1),
(1131, 10445, 92166, 'penciler', 1),
(1132, 277, 92166, 'penciler', 1),
(1133, 374, 92166, 'penciler', 1),
(1134, 12426, 92166, 'penciler', 1),
(1135, 2133, 92166, 'editor', 1),
(1136, 5251, 92166, 'letterer', 1),
(1137, 8504, 92166, 'colorist (cover)', 1),
(1138, 13162, 91746, 'colorist', 1),
(1139, 5251, 91746, 'letterer', 1),
(1140, 11345, 91746, 'inker', 1),
(1141, 13033, 91746, 'inker', 1),
(1142, 12239, 91746, 'colorist (cover)', 1),
(1143, 11757, 91746, 'penciler (cover)', 1),
(1144, 14045, 91746, 'writer', 1),
(1145, 13046, 91746, 'editor', 1),
(1146, 1004, 82323, 'inker', 1),
(1147, 162, 82323, 'inker', 1),
(1148, 12936, 82323, 'inker', 1),
(1149, 708, 82323, 'inker', 1),
(1150, 1969, 82323, 'inker', 1),
(1151, 19, 82323, 'inker', 1),
(1152, 506, 82323, 'penciler', 1),
(1153, 12480, 82323, 'penciler', 1),
(1154, 5251, 82323, 'letterer', 1),
(1155, 12712, 82323, 'writer', 1),
(1156, 28, 82323, 'writer', 1),
(1157, 8504, 82323, 'colorist', 1),
(1158, 4306, 82323, 'colorist', 1),
(1159, 13368, 82323, 'colorist', 1),
(1160, 11487, 82323, 'colorist', 1),
(1161, 10783, 82323, 'colorist', 1),
(1162, 9233, 82323, 'colorist', 1),
(1163, 12991, 82323, 'colorist', 1),
(1164, 12551, 82323, 'colorist', 1),
(1165, 63, 82323, 'penciller (cover)', 1),
(1166, 2133, 77243, 'editor', 1),
(1167, 5251, 77243, 'letterer', 1),
(1168, 13625, 77243, 'writer', 1),
(1169, 820, 77243, 'inker', 1),
(1170, 1405, 77243, 'colorist', 1),
(1171, 63, 77243, 'painter (cover)', 1),
(1172, 1004, 77230, 'colorist', 1),
(1173, 1405, 77230, 'colorist', 1),
(1174, 5251, 77230, 'letterer', 1),
(1175, 9096, 77230, 'penciler', 1),
(1176, 13625, 77230, 'writer', 1),
(1177, 14151, 77230, 'writer', 1),
(1178, 820, 77230, 'inker', 1),
(1179, 13539, 77230, 'inker', 1),
(1180, 63, 77230, 'penciller (cover)', 1),
(1181, 4430, 77230, 'editor', 1),
(1182, 270, 90048, 'penciller (cover)', 1),
(1183, 586, 90048, 'colorist', 1),
(1184, 30, 90048, 'writer', 1),
(1185, 4430, 90048, 'editor', 1),
(1186, 2133, 77242, 'editor', 1),
(1187, 5251, 77242, 'letterer', 1),
(1188, 13625, 77242, 'writer', 1),
(1189, 820, 77242, 'inker', 1),
(1190, 1405, 77242, 'colorist', 1),
(1191, 63, 77242, 'painter (cover)', 1),
(1192, 13081, 78361, 'writer', 1),
(1193, 4367, 78361, 'inker', 1),
(1194, 12991, 78361, 'colorist', 1),
(1195, 63, 78361, 'painter (cover)', 1),
(1196, 12974, 78361, 'letterer', 1),
(1197, 13027, 78361, 'editor', 1),
(1198, 2133, 77241, 'editor', 1),
(1199, 5251, 77241, 'letterer', 1),
(1200, 9096, 77241, 'penciler', 1),
(1201, 13625, 77241, 'writer', 1),
(1202, 14151, 77241, 'writer', 1),
(1203, 820, 77241, 'inker', 1),
(1204, 1405, 77241, 'colorist', 1),
(1205, 63, 77241, 'painter (cover)', 1),
(1206, 13081, 77163, 'writer', 1),
(1207, 13021, 77163, 'colorist', 1),
(1208, 544, 77163, 'inker', 1),
(1209, 13604, 77163, 'inker', 1),
(1210, 12426, 77163, 'penciler (cover)', 1),
(1211, 4300, 77163, 'editor', 1),
(1212, 12980, 77163, 'letterer', 1),
(1213, 13449, 77163, 'colorist (cover)', 1),
(1214, 1004, 77240, 'colorist', 1),
(1215, 2133, 77240, 'editor', 1),
(1216, 5251, 77240, 'letterer', 1),
(1217, 13625, 77240, 'writer', 1),
(1218, 63, 77240, 'painter (cover)', 1),
(1219, 2133, 77239, 'editor', 1),
(1220, 5251, 77239, 'letterer', 1),
(1221, 13625, 77239, 'writer', 1),
(1222, 1405, 77239, 'colorist', 1),
(1223, 13539, 77239, 'inker', 1),
(1224, 63, 77239, 'painter (cover)', 1),
(1225, 2133, 77238, 'editor', 1),
(1226, 5251, 77238, 'letterer', 1),
(1227, 13625, 77238, 'writer', 1),
(1228, 1405, 77238, 'colorist', 1),
(1229, 13539, 77238, 'inker', 1),
(1230, 63, 77238, 'painter (cover)', 1),
(1231, 13647, 88629, 'editor', 1),
(1232, 11435, 88629, 'inker (cover)', 1),
(1233, 13750, 88629, 'writer', 1),
(1234, 14075, 88629, 'letterer', 1),
(1235, 1082, 88629, 'penciler', 1),
(1236, 12991, 88629, 'colorist', 1),
(1237, 13003, 88629, 'colorist (cover)', 1),
(1238, 1337, 82285, 'penciller', 1),
(1239, 506, 82285, 'penciller', 1),
(1240, 1148, 82285, 'penciller', 1),
(1241, 658, 82285, 'penciller', 1),
(1242, 434, 82285, 'penciller', 1),
(1243, 1300, 82285, 'penciller', 1),
(1244, 96, 82285, 'writer', 1),
(1245, 18, 82285, 'writer', 1),
(1246, 1340, 82285, 'writer', 1),
(1247, 12516, 82285, 'writer', 1),
(1248, 13100, 82285, 'writer', 1),
(1249, 571, 82285, 'penciller (cover)', 1),
(1250, 4430, 82285, 'editor', 1),
(1251, 2133, 77237, 'editor', 1),
(1252, 5251, 77237, 'letterer', 1),
(1253, 13625, 77237, 'writer', 1),
(1254, 1405, 77237, 'colorist', 1),
(1255, 13539, 77237, 'inker', 1),
(1256, 63, 77237, 'painter (cover)', 1),
(1257, 13647, 88628, 'editor', 1),
(1258, 5251, 88628, 'letterer', 1),
(1259, 14075, 88628, 'letterer', 1),
(1260, 11435, 88628, 'inker (cover)', 1),
(1261, 13750, 88628, 'writer', 1),
(1262, 1082, 88628, 'inker', 1),
(1263, 12991, 88628, 'colorist', 1),
(1264, 13003, 88628, 'colorist (cover)', 1),
(1265, 13647, 82601, 'editor', 1),
(1266, 13552, 82601, 'inker', 1),
(1267, 9329, 82601, 'colorist', 1),
(1268, 63, 82601, 'painter (cover)', 1),
(1269, 13989, 82601, 'writer', 1),
(1270, 12974, 82601, 'letterer', 1),
(1271, 5178, 91232, 'writer', 1),
(1272, 13262, 91232, 'writer', 1),
(1273, 5237, 91232, 'writer', 1),
(1274, 120, 91232, 'penciller', 1),
(1275, 934, 91232, 'penciller', 1),
(1276, 1901, 91232, 'penciller', 1),
(1277, 1926, 91232, 'penciller (cover)', 1),
(1278, 2133, 77236, 'editor', 1),
(1279, 5251, 77236, 'letterer', 1),
(1280, 13625, 77236, 'writer', 1),
(1281, 1405, 77236, 'colorist', 1),
(1282, 13539, 77236, 'inker', 1),
(1283, 63, 77236, 'painter (cover)', 1),
(1284, 12854, 78621, 'writer', 1),
(1285, 12313, 78621, 'editor', 1),
(1286, 5251, 78621, 'letterer', 1),
(1287, 13060, 78621, 'inker', 1),
(1288, 362, 78621, 'inker', 1),
(1289, 188, 78621, 'penciler', 1),
(1290, 13449, 78621, 'colorist', 1),
(1291, 4267, 78621, 'colorist', 1),
(1292, 13043, 78621, 'penciler (cover)', 1),
(1293, 2112, 81260, 'penciller', 1),
(1294, 570, 81260, 'penciller', 1),
(1295, 2488, 81260, 'penciller', 1),
(1296, 13262, 81260, 'writer', 1),
(1297, 4858, 81260, 'writer', 1),
(1298, 259, 81260, 'writer', 1),
(1299, 10581, 81260, 'colorist (cover)', 1),
(1300, 382, 81260, 'penciller (cover)', 1),
(1301, 4430, 81260, 'editor', 1),
(1302, 367, 78072, 'writer', 1),
(1303, 374, 78072, 'penciller (cover)', 1),
(1304, 509, 78072, 'penciller', 1),
(1305, 127, 78072, 'penciller', 1),
(1306, 4430, 78072, 'editor', 1),
(1307, 232, 82368, 'penciller (cover)', 1),
(1308, 10363, 82368, 'writer', 1),
(1309, 4430, 82368, 'editor', 1),
(1310, 11401, 74856, 'writer', 1),
(1311, 12208, 74856, 'penciller (cover)', 1),
(1312, 4430, 74856, 'editor', 1),
(1313, 2133, 77235, 'editor', 1),
(1314, 5251, 77235, 'letterer', 1),
(1315, 13625, 77235, 'writer', 1),
(1316, 12479, 77235, 'inker', 1),
(1317, 13539, 77235, 'inker', 1),
(1318, 13706, 77235, 'inker', 1),
(1319, 1405, 77235, 'colorist', 1),
(1320, 63, 77235, 'painter (cover)', 1),
(1321, 5251, 77492, 'letterer', 1),
(1322, 704, 77492, 'inker', 1),
(1323, 13005, 77492, 'colorist', 1),
(1324, 8822, 77492, 'editor', 1),
(1325, 12845, 77492, 'penciler (cover)', 1),
(1326, 2133, 77234, 'editor', 1),
(1327, 5251, 77234, 'letterer', 1),
(1328, 13625, 77234, 'writer', 1),
(1329, 12479, 77234, 'inker', 1),
(1330, 1405, 77234, 'colorist', 1),
(1331, 63, 77234, 'painter (cover)', 1),
(1332, 13250, 81086, 'colorist (cover)', 1),
(1333, 9457, 81086, 'inker', 1),
(1334, 12993, 81086, 'letterer', 1),
(1335, 12457, 81086, 'editor', 1),
(1336, 12991, 81086, 'colorist', 1),
(1337, 12369, 81086, 'penciler (cover)', 1),
(1338, 91, 81086, 'writer', 1),
(1339, 13816, 81086, 'penciler', 1),
(1340, 270, 83486, 'penciller', 1),
(1341, 196, 83486, 'penciller (cover)', 1),
(1342, 30, 83486, 'writer', 1),
(1343, 4430, 83486, 'editor', 1),
(1344, 2133, 77233, 'editor', 1),
(1345, 13625, 77233, 'writer', 1),
(1346, 12479, 77233, 'inker', 1),
(1347, 1405, 77233, 'colorist', 1),
(1348, 12980, 77233, 'letterer', 1),
(1349, 63, 77233, 'painter (cover)', 1),
(1350, 2133, 77232, 'editor', 1),
(1351, 5251, 77232, 'letterer', 1),
(1352, 13625, 77232, 'writer', 1),
(1353, 1405, 77232, 'colorist', 1),
(1354, 13539, 77232, 'inker', 1),
(1355, 63, 77232, 'painter (cover)', 1),
(1356, 2133, 70746, 'editor', 1),
(1357, 5251, 70746, 'letterer', 1),
(1358, 13625, 70746, 'writer', 1),
(1359, 12479, 70746, 'inker', 1),
(1360, 1405, 70746, 'colorist', 1),
(1361, 63, 70746, 'painter (cover)', 1),
(1362, 13625, 67920, 'writer', 1),
(1363, 2879, 67920, 'penciller', 1),
(1364, 63, 67920, 'penciller (cover)', 1),
(1365, 4430, 67920, 'editor', 1),
(1366, 2133, 70745, 'editor', 1),
(1367, 5251, 70745, 'letterer', 1),
(1368, 13625, 70745, 'writer', 1),
(1369, 12479, 70745, 'inker', 1),
(1370, 1405, 70745, 'colorist', 1),
(1371, 63, 70745, 'painter (cover)', 1),
(1372, 13915, 70745, 'penciler', 1),
(1373, 24, 76710, 'writer', 1),
(1374, 10144, 76710, 'penciller', 1),
(1375, 11610, 76710, 'penciller', 1),
(1376, 9408, 76710, 'penciller (cover)', 1),
(1377, 4430, 76710, 'editor', 1),
(1378, 2133, 70744, 'editor', 1),
(1379, 5251, 70744, 'letterer', 1),
(1380, 13625, 70744, 'writer', 1),
(1381, 12936, 70744, 'penciler', 1),
(1382, 12479, 70744, 'inker', 1),
(1383, 1405, 70744, 'colorist', 1),
(1384, 63, 70744, 'painter (cover)', 1),
(1385, 11901, 75565, 'writer', 1),
(1386, 12447, 75565, 'writer', 1),
(1387, 12902, 75565, 'penciller', 1),
(1388, 758, 75565, 'penciller', 1),
(1389, 8825, 75565, 'penciller (cover)', 1),
(1390, 4430, 75565, 'editor', 1),
(1391, 586, 75396, 'colorist (cover)', 1),
(1392, 196, 75396, 'penciller (cover)', 1),
(1393, 4430, 75396, 'editor', 1),
(1394, 2697, 74859, 'penciller (cover)', 1),
(1395, 1005, 74859, 'penciller', 1),
(1396, 4430, 74859, 'editor', 1),
(1397, 12494, 74859, 'writer', 1),
(1398, 2133, 67930, 'editor', 1),
(1399, 5251, 67930, 'letterer', 1),
(1400, 13625, 67930, 'writer', 1),
(1401, 2879, 67930, 'inker', 1),
(1402, 1405, 67930, 'colorist', 1),
(1403, 63, 67930, 'painter (cover)', 1),
(1404, 13580, 74104, 'colorist (cover)', 1),
(1405, 196, 74104, 'penciller (cover)', 1),
(1406, 4430, 74104, 'editor', 1),
(1407, 13074, 76788, 'inker', 1),
(1408, 13180, 76788, 'colorist', 1),
(1409, 13443, 76788, 'penciler', 1),
(1410, 13167, 76788, 'editor', 1),
(1411, 12974, 76788, 'letterer', 1),
(1412, 13232, 76788, 'writer', 1),
(1413, 13080, 76788, 'penciler (cover)', 1),
(1414, 2133, 77635, 'editor', 1),
(1415, 5251, 77635, 'letterer', 1),
(1416, 8504, 77635, 'colorist (cover)', 1),
(1417, 1232, 77635, 'penciler (cover)', 1),
(1418, 8706, 77635, 'colorist', 1),
(1419, 2909, 77635, 'writer', 1),
(1420, 12919, 83354, 'editor', 1),
(1421, 12757, 83354, 'editor', 1),
(1422, 8775, 83354, 'letterer', 1),
(1423, 13449, 83354, 'colorist', 1),
(1424, 718, 83354, 'writer', 1),
(1425, 474, 83354, 'penciller', 1),
(1426, 2133, 67929, 'editor', 1),
(1427, 5251, 67929, 'letterer', 1),
(1428, 13625, 67929, 'writer', 1),
(1429, 2879, 67929, 'inker', 1),
(1430, 1405, 67929, 'colorist', 1),
(1431, 63, 67929, 'painter (cover)', 1),
(1432, 2133, 74768, 'editor', 1),
(1433, 13250, 74768, 'colorist (cover)', 1),
(1434, 13645, 74768, 'colorist', 1),
(1435, 2697, 74768, 'penciler (cover)', 1),
(1436, 12993, 74768, 'letterer', 1),
(1437, 1005, 74768, 'inker', 1),
(1438, 12494, 74768, 'writer', 1),
(1439, 367, 75499, 'writer', 1),
(1440, 104, 75499, 'writer', 1),
(1441, 259, 75499, 'writer', 1),
(1442, 18, 75499, 'writer', 1),
(1443, 11835, 75499, 'writer', 1),
(1444, 947, 75499, 'writer', 1),
(1445, 11434, 75499, 'writer', 1),
(1446, 119, 75499, 'writer', 1),
(1447, 13100, 75499, 'writer', 1),
(1448, 105, 75499, 'penciller', 1),
(1449, 13567, 75499, 'penciller', 1),
(1450, 120, 75499, 'penciller', 1),
(1451, 2822, 75499, 'penciller', 1),
(1452, 196, 75499, 'penciller', 1),
(1453, 1901, 75499, 'penciller', 1),
(1454, 13196, 75499, 'penciller', 1),
(1455, 12551, 75499, 'penciller', 1),
(1456, 8221, 75499, 'penciller', 1),
(1457, 63, 75499, 'penciller (cover)', 1),
(1458, 4430, 75499, 'editor', 1),
(1459, 196, 75407, 'penciller', 1),
(1460, 30, 75407, 'writer', 1),
(1461, 958, 75407, 'writer', 1),
(1462, 13272, 75407, 'penciller (cover)', 1),
(1463, 4430, 75407, 'editor', 1),
(1464, 13074, 75482, 'inker', 1),
(1465, 13021, 75482, 'colorist', 1),
(1466, 8825, 75482, 'colorist (cover)', 1),
(1467, 12376, 75482, 'editor', 1),
(1468, 12974, 75482, 'letterer', 1),
(1469, 12447, 75482, 'writer', 1),
(1470, 2133, 67928, 'editor', 1),
(1471, 5251, 67928, 'letterer', 1),
(1472, 13625, 67928, 'writer', 1),
(1473, 2879, 67928, 'inker', 1),
(1474, 4991, 67928, 'colorist', 1),
(1475, 63, 67928, 'painter (cover)', 1),
(1476, 11401, 73913, 'penciller', 1),
(1477, 277, 73913, 'penciller (cover)', 1),
(1478, 4430, 73913, 'editor', 1),
(1479, 11401, 73856, 'penciller', 1),
(1480, 374, 73856, 'penciller (cover)', 1),
(1481, 10581, 73856, 'colorist', 1),
(1482, 4430, 73856, 'editor', 1),
(1483, 2133, 67927, 'editor', 1),
(1484, 5251, 67927, 'letterer', 1),
(1485, 13625, 67927, 'writer', 1);
INSERT INTO `CreatorsComics` (`IdCreatorComic`, `IdCreator`, `IdComic`, `Role`, `Active`) VALUES
(1486, 2879, 67927, 'inker', 1),
(1487, 4991, 67927, 'colorist', 1),
(1488, 63, 67927, 'painter (cover)', 1),
(1489, 1004, 74782, 'colorist', 1),
(1490, 8504, 74782, 'colorist', 1),
(1491, 8706, 74782, 'colorist', 1),
(1492, 12208, 74782, 'penciler (cover)', 1),
(1493, 13654, 74782, 'writer', 1),
(1494, 13655, 74782, 'writer', 1),
(1495, 12371, 74782, 'writer', 1),
(1496, 13180, 74782, 'colorist (cover)', 1),
(1497, 5251, 74782, 'letterer', 1),
(1498, 9296, 74782, 'inker', 1),
(1499, 13597, 74782, 'inker', 1),
(1500, 7413, 74782, 'penciler', 1),
(1501, 8822, 74782, 'editor', 1),
(1502, 12492, 70077, 'penciller', 1),
(1503, 13236, 70077, 'penciller', 1),
(1504, 536, 70077, 'writer', 1),
(1505, 489, 70077, 'penciller (cover)', 1),
(1506, 4430, 70077, 'editor', 1),
(1507, 11401, 73858, 'penciller', 1),
(1508, 259, 73858, 'writer', 1),
(1509, 6001, 73858, 'writer', 1),
(1510, 382, 73858, 'penciller (cover)', 1),
(1511, 13449, 73858, 'colorist (cover)', 1),
(1512, 4430, 73858, 'editor', 1),
(1513, 2133, 67926, 'editor', 1),
(1514, 5251, 67926, 'letterer', 1),
(1515, 13625, 67926, 'writer', 1),
(1516, 2879, 67926, 'inker', 1),
(1517, 4991, 67926, 'colorist', 1),
(1518, 63, 67926, 'painter (cover)', 1),
(1519, 13625, 67918, 'writer', 1),
(1520, 63, 67918, 'penciller (cover)', 1),
(1521, 4430, 67918, 'editor', 1),
(1522, 758, 67918, 'penciller', 1),
(1523, 13081, 71324, 'writer', 1),
(1524, 13021, 71324, 'colorist', 1),
(1525, 12814, 71324, 'penciler (cover)', 1),
(1526, 12426, 71324, 'inker', 1),
(1527, 4300, 71324, 'editor', 1),
(1528, 12980, 71324, 'letterer', 1),
(1529, 11401, 73961, 'writer', 1),
(1530, 808, 73961, 'writer', 1),
(1531, 408, 73961, 'penciller (cover)', 1),
(1532, 1627, 73961, 'penciller', 1),
(1533, 13272, 73961, 'penciller', 1),
(1534, 4430, 73961, 'editor', 1),
(1535, 10666, 75504, 'writer', 1),
(1536, 13100, 75504, 'writer', 1),
(1537, 63, 75504, 'painter (cover)', 1),
(1538, 4430, 75504, 'editor', 1),
(1539, 13567, 73867, 'penciller', 1),
(1540, 273, 73867, 'penciller', 1),
(1541, 1132, 73867, 'writer', 1),
(1542, 1082, 73867, 'penciller (cover)', 1),
(1543, 4430, 73867, 'editor', 1),
(1544, 2133, 67925, 'editor', 1),
(1545, 5251, 67925, 'letterer', 1),
(1546, 13625, 67925, 'writer', 1),
(1547, 2879, 67925, 'inker', 1),
(1548, 4991, 67925, 'colorist', 1),
(1549, 63, 67925, 'painter (cover)', 1),
(1550, 44, 75329, 'writer', 1),
(1551, 96, 75329, 'penciller (cover)', 1),
(1552, 4430, 75329, 'editor', 1),
(1553, 11401, 73594, 'penciller (cover)', 1),
(1554, 13876, 73594, 'writer', 1),
(1555, 4430, 73594, 'editor', 1),
(1556, 12208, 74780, 'penciler (cover)', 1),
(1557, 13180, 74780, 'colorist (cover)', 1),
(1558, 5251, 74780, 'letterer', 1),
(1559, 1421, 74780, 'inker', 1),
(1560, 616, 74780, 'inker', 1),
(1561, 13597, 74780, 'inker', 1),
(1562, 8504, 74780, 'colorist', 1),
(1563, 12981, 74780, 'colorist', 1),
(1564, 425, 74780, 'penciler', 1),
(1565, 7413, 74780, 'penciler', 1),
(1566, 215, 74780, 'writer', 1),
(1567, 536, 74780, 'writer', 1),
(1568, 12371, 74780, 'writer', 1),
(1569, 8822, 74780, 'editor', 1),
(1570, 11401, 73671, 'writer', 1),
(1571, 10581, 73671, 'colorist (cover)', 1),
(1572, 103, 73671, 'penciller (cover)', 1),
(1573, 4430, 73671, 'editor', 1),
(1574, 8542, 67924, 'inker', 1),
(1575, 2133, 67924, 'editor', 1),
(1576, 5251, 67924, 'letterer', 1),
(1577, 13625, 67924, 'writer', 1),
(1578, 11579, 67924, 'colorist', 1),
(1579, 63, 67924, 'painter (cover)', 1),
(1580, 758, 67924, 'penciler', 1),
(1581, 11401, 70415, 'penciller (cover)', 1),
(1582, 1827, 70415, 'writer', 1),
(1583, 44, 70415, 'writer', 1),
(1584, 1177, 70415, 'writer', 1),
(1585, 271, 70415, 'writer', 1),
(1586, 32, 70415, 'penciller', 1),
(1587, 1183, 70415, 'penciller', 1),
(1588, 4430, 70415, 'editor', 1),
(1589, 18, 70413, 'writer', 1),
(1590, 19, 70413, 'penciller (cover)', 1),
(1591, 4430, 70413, 'editor', 1),
(1592, 162, 70394, 'penciller (cover)', 1),
(1593, 168, 70394, 'writer', 1),
(1594, 4430, 70394, 'editor', 1),
(1595, 8542, 67923, 'inker', 1),
(1596, 2133, 67923, 'editor', 1),
(1597, 5251, 67923, 'letterer', 1),
(1598, 13625, 67923, 'writer', 1),
(1599, 11579, 67923, 'colorist', 1),
(1600, 63, 67923, 'painter (cover)', 1),
(1601, 758, 67923, 'penciler', 1),
(1602, 8542, 67922, 'inker', 1),
(1603, 2133, 67922, 'editor', 1),
(1604, 5251, 67922, 'letterer', 1),
(1605, 13625, 67922, 'writer', 1),
(1606, 11579, 67922, 'colorist', 1),
(1607, 63, 67922, 'painter (cover)', 1),
(1608, 758, 67922, 'penciler', 1);

--
-- Índices para tablas volcadas
--

--
-- Indices de la tabla `Characters`
--
ALTER TABLE `Characters`
  ADD PRIMARY KEY (`IdCharacter`);

--
-- Indices de la tabla `CharactersComics`
--
ALTER TABLE `CharactersComics`
  ADD PRIMARY KEY (`IdCharacterComic`),
  ADD KEY `IdCharacter` (`IdCharacter`),
  ADD KEY `IdComic` (`IdComic`);

--
-- Indices de la tabla `Comics`
--
ALTER TABLE `Comics`
  ADD PRIMARY KEY (`IdComic`);

--
-- Indices de la tabla `Creators`
--
ALTER TABLE `Creators`
  ADD PRIMARY KEY (`IdCreator`);

--
-- Indices de la tabla `CreatorsComics`
--
ALTER TABLE `CreatorsComics`
  ADD PRIMARY KEY (`IdCreatorComic`),
  ADD KEY `IdCreator` (`IdCreator`),
  ADD KEY `IdComic` (`IdComic`);

--
-- AUTO_INCREMENT de las tablas volcadas
--

--
-- AUTO_INCREMENT de la tabla `CharactersComics`
--
ALTER TABLE `CharactersComics`
  MODIFY `IdCharacterComic` int(11) NOT NULL AUTO_INCREMENT, AUTO_INCREMENT=591;

--
-- AUTO_INCREMENT de la tabla `CreatorsComics`
--
ALTER TABLE `CreatorsComics`
  MODIFY `IdCreatorComic` int(11) NOT NULL AUTO_INCREMENT, AUTO_INCREMENT=1609;

--
-- Restricciones para tablas volcadas
--

--
-- Filtros para la tabla `CharactersComics`
--
ALTER TABLE `CharactersComics`
  ADD CONSTRAINT `CharactersComics_ibfk_1` FOREIGN KEY (`IdCharacter`) REFERENCES `Characters` (`IdCharacter`),
  ADD CONSTRAINT `CharactersComics_ibfk_2` FOREIGN KEY (`IdComic`) REFERENCES `Comics` (`IdComic`);

--
-- Filtros para la tabla `CreatorsComics`
--
ALTER TABLE `CreatorsComics`
  ADD CONSTRAINT `CreatorsComics_ibfk_1` FOREIGN KEY (`IdCreator`) REFERENCES `Creators` (`IdCreator`),
  ADD CONSTRAINT `CreatorsComics_ibfk_2` FOREIGN KEY (`IdComic`) REFERENCES `Comics` (`IdComic`);
COMMIT;

/*!40101 SET CHARACTER_SET_CLIENT=@OLD_CHARACTER_SET_CLIENT */;
/*!40101 SET CHARACTER_SET_RESULTS=@OLD_CHARACTER_SET_RESULTS */;
/*!40101 SET COLLATION_CONNECTION=@OLD_COLLATION_CONNECTION */;
